"","X","grp_raw","grp","item_class","item_ord_cor","item_cor"
"1",1,"Acariens","Arachnida","Arachnida",NA,"Acari"
"2",7,"Actiniaires","Actiniaria","Anthozoa","Actiniaria","Actiniaria"
"3",15,"Alcyonacea","Alcyonaria","Anthozoa","Alcyonacea","Alcyonacea"
"4",17,"Alcyonaires","Alcyonaria","Anthozoa",NA,"Octocorallia"
"5",45,"Alcyonarians","Alcyonaria","Anthozoa",NA,"Octocorallia"
"6",50,"Alcyonarians","Alcyonaria","Anthozoa","Alcyonacea","Muricea atlantica"
"7",52,"Algae","Algae",NA,NA,"Algae"
"8",53,"Algae","Algae","Florideophyceae","Gelidiales","Gelidium sp"
"9",54,"Algae","Coralline algae","Florideophyceae","Corallinales","Corallina subulata"
"10",55,"Algae","Algae","Phaeophyceae","Dictyotales","Dictyota dentata"
"11",56,"Algae","Algae","Florideophyceae","Ceramiales","Ceramium sp"
"12",57,"Algae","Algae","Phaeophyceae","Dictyotales","Dictyota bartayresii"
"13",58,"Algae","Algae","Ulvophyceae","Ulvales","Ulva lactuca"
"14",60,"Algae","Algae","Florideophyceae","Gigartinales","Hypnea spinella"
"15",61,"Algae","Coralline algae","Florideophyceae","Corallinales","Jania rubens"
"16",62,"Algae","Algae","Florideophyceae","Gelidiales","Gelidium corneum"
"17",63,"Algae","Algae","Florideophyceae","Gigartinales","Hypnea musciformis"
"18",64,"Algae","Coralline algae","Florideophyceae","Corallinales","Amphiroa fragilissima"
"19",65,"Algae","Coralline algae","Florideophyceae","Corallinales","Coralline_algae"
"20",68,"Algae","Algae","Phaeophyceae","Sphacelariales","Sphacelaria tribuloides"
"21",69,"Algae","Algae","Phaeophyceae","Fucales","Sargassum platycarpum"
"22",70,"Algae","Algae","Phaeophyceae","Ectocarpales","Ectocarpus breviarticulatus"
"23",73,"Algae","Algae","Ulvophyceae","Ulvales","Enteromorpha sp"
"24",74,"Algae","Algae","Florideophyceae","Ceramiales","Laurencia papillosa"
"25",75,"Algae","Cyanobacteria","Cyanophyceae","Oscillatoriales","Lyngbya majuscula"
"26",76,"Algae","Algae","Phaeophyceae","Fucales","Turbinaria turbinata"
"27",77,"Algae","Algae","Florideophyceae","Gracilariales","Gracilaria debilis"
"28",78,"Algae","Algae","Ulvophyceae","Bryopsidales","Caulerpa sertularioides"
"29",80,"Algae","Algae","Florideophyceae","Ceramiales","Ceramium byssoideum"
"30",82,"Algae","Algae","Phaeophyceae","Dictyotales","Dictyopteris delicatula"
"31",83,"Algae","Algae","Phaeophyceae","Dictyotales","Dictyota sp"
"32",84,"Algae","Algae","Ulvophyceae","Bryopsidales","Caulerpa taxifolia"
"33",85,"Algae","Algae","Phaeophyceae","Ectocarpales","Colpomenia sinuosa"
"34",86,"Algae","Algae","Ulvophyceae","Ulvales","Enteromorpha flexuosa"
"35",89,"Algae","Algae","Florideophyceae","Ceramiales","Herposiphonia sp"
"36",90,"Algae","Algae","Phaeophyceae","Fucales","Sargassum polyceratium"
"37",92,"Algae","Coralline algae","Florideophyceae","Corallinales","Jania capillacea"
"38",94,"Algae","Algae","Phaeophyceae","Dictyotales","Dictyota divaricata"
"39",98,"Algae","Diatoms",NA,NA,"Diatoms"
"40",99,"Algae","Algae","Florideophyceae","Rhodymeniales","Coelothrix irregularis"
"41",100,"Algae","Algae","Ulvophyceae","Bryopsidales","Halimeda opuntia"
"42",101,"Algae","Algae","Ulvophyceae","Bryopsidales","Halimeda sp"
"43",104,"Algae","Algae","Ulvophyceae","Cladophorales","Rhizoclonium sp"
"44",105,"Algae","Algae","Ulvophyceae","Cladophorales","Valonia sp"
"45",106,"Algae","Algae","Phaeophyceae","Dictyotales","Dilophus guineensis"
"46",113,"Algae","Algae","Florideophyceae","Ceramiales","Heterosiphonia wurdemanni"
"47",114,"Algae","Algae","Ulvophyceae","Cladophorales","Rhizoclonium riparium"
"48",116,"Algae","Algae","Ulvophyceae","Bryopsidales","Caulerpa vickersiae"
"49",117,"Algae","Cyanobacteria","Cyanophyceae","Oscillatoriales","Microcoleus chthonoplastes"
"50",118,"Algae","Algae","Phaeophyceae","Fucales","Sargassum rigidulum"
"51",119,"Algae","Algae","Florideophyceae","Gelidiales","Gelidium pusillum"
"52",120,"Algae","Algae","Phaeophyceae","Dictyotales","Dictyopteris plagiogramma"
"53",122,"Algae","Algae","Florideophyceae","Ceramiales","Ceramium fastigiatum"
"54",124,"Algae","Algae","Florideophyceae","Ceramiales","Laurencia sp"
"55",129,"Algae","Seagrass","Magnoliopsida","Alismatales","Thalassia testudinum"
"56",130,"Algae","Algae","Ulvophyceae","Bryopsidales","Bryopsis pennata"
"57",132,"Algae","Algae","Florideophyceae","Ceramiales","Bryothamnion triquetrum"
"58",142,"Algae","Algae","Florideophyceae","Ceramiales","Laurencia obtusa"
"59",147,"Algae","Algae","Phaeophyceae","Fucales","Sargassum fluitans"
"60",150,"Algae","Algae","Florideophyceae","Halymeniales","Cryptonemia crenulata"
"61",156,"Algae","Algae","Ulvophyceae","Bryopsidales","Halimeda incrassata"
"62",163,"Algae","Algae","Florideophyceae","Ceramiales","Centroceras sp"
"63",165,"Algae","Algae","Florideophyceae","Rhodymeniales","Champia parvula"
"64",175,"Algae","Algae","Florideophyceae","Ceramiales","Polysiphonia sp"
"65",177,"Algae","Cyanobacteria","Cyanophyceae","Synechococcales","Anacystis marina"
"66",179,"Algae","Algae","Florideophyceae","Ceramiales","Ceramium nitens"
"67",180,"Algae","Algae","Florideophyceae","Ceramiales","Acanthophora spicifera"
"68",182,"Algae","Cyanobacteria","Cyanophyceae","Oscillatoriales","Microcoleus sp"
"69",188,"Algae","Algae","Florideophyceae","Gelidiales","Gelidiella acerosa"
"70",192,"Algae","Algae","Florideophyceae","Gracilariales","Gracilaria mammillaris"
"71",200,"Algae","Algae","Ulvophyceae","Bryopsidales","Caulerpa mexicana"
"72",201,"Algae","Algae","Florideophyceae","Halymeniales","Grateloupia cuneifolia"
"73",202,"Algae","Algae","Ulvophyceae","Cladophorales","Cladophora sp"
"74",203,"Algae","Algae","Florideophyceae","Ceramiales","Herposiphonia secunda"
"75",205,"Algae","Algae","Florideophyceae","Ceramiales","Centroceras clavulatum"
"76",216,"Algae","Algae","Florideophyceae","Ceramiales","Spyridia filamentosa"
"77",217,"Algae","Algae","Phaeophyceae","Fucales","Sargassum hystrix"
"78",220,"Algae","Seagrass","Magnoliopsida","Alismatales","Cymodocea manatorum"
"79",229,"Algae","Algae","Ulvophyceae","Bryopsidales","Halimeda monile"
"80",231,"Algae","Algae","Ulvophyceae","Ulvales","Ulva sp"
"81",235,"Algae","Algae","Phaeophyceae","Ectocarpales","Giffordia mitchellae"
"82",238,"Algae","Algae","Ulvophyceae","Bryopsidales","Caulerpa racemosa"
"83",247,"Algae","Algae","Ulvophyceae","Bryopsidales","Udotea flabellum"
"84",248,"Algae","Cyanobacteria","Cyanophyceae","Nostocales","Calothrix sp"
"85",249,"Algae","Cyanobacteria","Cyanophyceae","Oscillatoriales","Lyngbya sp"
"86",252,"Algae","Algae","Ulvophyceae","Cladophorales","Dictyosphaeria favulosa"
"87",257,"Algae","Algae","Florideophyceae","Ceramiales","Polysiphonia ferulacea"
"88",263,"Algae","Algae","Phaeophyceae","Dictyotales","Dictyopteris justii"
"89",266,"Algae","Algae","Phaeophyceae","Dictyotales","Dictyota linearis"
"90",267,"Algae","Algae","Phaeophyceae","Dictyotales","Dictyota ciliata"
"91",270,"Algae","Algae","Florideophyceae","Gigartinales","Eucheuma acanthocladum"
"92",276,"Algae","Algae","Phaeophyceae","Dictyotales","Dictyopteris sp"
"93",277,"Algae","Cyanobacteria","Cyanophyceae","Oscillatoriales","Oscillatoria sp"
"94",280,"Algae","Algae","Florideophyceae","Nemaliales","Galaxaura sp"
"95",281,"Algae","Algae","Phaeophyceae","Dictyotales","Padina gymnospora"
"96",285,"Algae","Algae","Ulvophyceae","Cladophorales","Cladophora delicatula"
"97",295,"Algae","Algae","Phaeophyceae","Fucales","Sargassum natans"
"98",297,"Algae","Algae","Phaeophyceae","Dictyotales","Pocockiella variegata"
"99",310,"Algae","Algae","Ulvophyceae","Bryopsidales","Bryopsis sp"
"100",312,"Algae","Algae","Florideophyceae","Nemaliales","Liagora ceranoides"
"101",313,"Algae","Algae","Florideophyceae","Ceramiales","Ceranium sp"
"102",315,"Algae","Algae","Florideophyceae","Ceramiales","Chondria sp"
"103",318,"Algae","Algae","Ulvophyceae","Bryopsidales","Codium isthmocladum"
"104",336,"Algae","Algae","Ulvophyceae","Bryopsidales","Penicillus pyriformis"
"105",337,"Algae","Algae","Florideophyceae","Ceramiales","Polysiphonia binneyi"
"106",340,"Algae","Algae","Florideophyceae","Ceramiales","Chondria littoralis"
"107",350,"Algae","Coralline algae","Florideophyceae","Corallinales","Lithothamnion sp"
"108",354,"Algae","Algae","Florideophyceae","Ceramiales","Spermothamnion investiens"
"109",355,"Algae","Algae","Ulvophyceae","Bryopsidales","Avrainvillea rawsonii"
"110",361,"Algae","Algae","Florideophyceae","Nemaliales","Galaxaura squalida"
"111",365,"Algae","Cyanobacteria","Cyanophyceae","Nostocales","Calothrix crustacea"
"112",372,"Algae","Coralline algae","Florideophyceae","Corallinales","Jania sp"
"113",376,"Algae","Algae","Florideophyceae","Rhodymeniales","Lomentaria uncinata"
"114",378,"Algae","Algae","Florideophyceae","Rhodymeniales","Botryocladia occidentalis"
"115",386,"Algae","Algae",NA,NA,"Desmidiales"
"116",389,"Algae","Algae","Florideophyceae","Ceramiales","Digenia simplex"
"117",390,"Algae","Algae","Ulvophyceae","Bryopsidales","Caulerpa cupressoides"
"118",391,"Algae","Algae","Phaeophyceae","Fucales","Turbinaria sp"
"119",401,"Algae","Algae","Phaeophyceae","Dictyotales","Padina sp"
"120",406,"Algae","Algae","Florideophyceae","Gracilariales","Gracilaria sp"
"121",421,"Algae","Cyanobacteria",NA,NA,"Cyanobacteria"
"122",435,"Gastropoda","Gastropoda","Gastropoda",NA,"Gastropoda"
"123",444,"Algae","Algae","Phaeophyceae","Fucales","Sargassum sp"
"124",450,"Algae","Algae","Florideophyceae","Gracilariales","Gracilaria verrucosa"
"125",459,"Algae","Algae","Phaeophyceae","Fucales","Sargassum pteropleuron"
"126",461,"Algae","Algae","Phaeophyceae","Sphacelariales","Sphacelaria sp"
"127",481,"Algae","Algae","Phaeophyceae","Dictyotales","Padina sanctae-crucis"
"128",485,"Algae","Algae","Ulvophyceae","Bryopsidales","Caulerpa prolifera"
"129",492,"Algae","Coralline algae","Florideophyceae","Corallinales","Corallina cubensis"
"130",494,"Algae","Algae","Florideophyceae","Gigartinales","Peyssonnelia sp"
"131",517,"Algae","Algae","Ulvophyceae","Cladophorales","Valonia ventricosa"
"132",547,"Algae","Algae","Florideophyceae","Ceramiales","Vidalia obtusiloba"
"133",553,"Algae","Algae","Florideophyceae","Halymeniales","Halymenia florisia"
"134",560,"Algae","Algae","Phaeophyceae","Dictyotales","Spatoglossum schroderi"
"135",562,"Algae","Cyanobacteria","Cyanophyceae","Nostocales","Dichothrix penicillata"
"136",567,"Algae","Algae","Florideophyceae","Gelidiales","Gelidium rigidulum"
"137",574,"Algae","Algae","Phaeophyceae","Ectocarpales","Ectocarpus sp"
"138",578,"Algae","Algae","Florideophyceae","Ceramiales","Nitophyllum sp"
"139",581,"Algae","Algae","Phaeophyceae","Dictyotales","Pocockiella sp"
"140",582,"Algae","Algae","Florideophyceae","Acrochaetiales","Acrochaetium sp"
"141",602,"Algae","Algae","Florideophyceae","Ceramiales","Laurencia corallopsis"
"142",610,"Algae&detritus","Algae","Florideophyceae","Ceramiales","Centroceras clavulatum"
"143",611,"Algae&detritus","Diatoms",NA,NA,"Diatoms"
"144",612,"Algae&detritus","Algae",NA,NA,"Algae"
"145",613,"Algae&detritus","Cyanobacteria","Cyanophyceae","Oscillatoriales","Lyngbya majuscula"
"146",614,"Algae&detritus","Algae","Ulvophyceae","Ulvales","Enteromorpha sp"
"147",616,"Algae&detritus","Algae","Ulvophyceae","Cladophorales","Cladophora sp"
"148",619,"Algae&detritus","Algae","Florideophyceae","Ceramiales","Ceramium byssoideum"
"149",621,"Algae&detritus","Cyanobacteria","Cyanophyceae","Oscillatoriales","Lyngbya sp"
"150",623,"Algae&detritus","Seagrass","Magnoliopsida","Alismatales","Thalassia testudinum"
"151",624,"Algae&detritus","Cyanobacteria","Cyanophyceae","Oscillatoriales","Microcoleus chthonoplastes"
"152",625,"Algae&orgdetritus","Algae","Florideophyceae","Ceramiales","Centroceras clavulatum"
"153",626,"Algae&orgdetritus","Cyanobacteria","Cyanophyceae","Oscillatoriales","Lyngbya sp"
"154",627,"Algae&orgdetritus","Algae","Florideophyceae","Ceramiales","Ceramium sp"
"155",628,"Algae&orgdetritus","Algae","Florideophyceae","Gigartinales","Eucheuma echinocarpum"
"156",629,"Algae&orgdetritus","Algae","Florideophyceae","Ceramiales","Ceramium byssoideum"
"157",630,"Algae&orgdetritus","Algae","Florideophyceae","Ceramiales","Polysiphonia ferulacea"
"158",631,"Algae&orgdetritus","Seagrass","Magnoliopsida","Alismatales","Cymodocea manatorum"
"159",632,"Algae&orgdetritus","Coralline algae","Florideophyceae","Corallinales","Jania capillacea"
"160",633,"Algae&orgdetritus","Algae","Florideophyceae","Nemaliales","Galaxaura lapidescens"
"161",634,"Algae&orgdetritus","Cyanobacteria","Cyanophyceae","Spirulinales","Spirulina sp"
"162",635,"Algae&orgdetritus","Algae","Ulvophyceae","Bryopsidales","Halimeda opuntia"
"163",636,"Algae&orgdetritus","Coralline algae","Florideophyceae","Corallinales","Corallina cubensis"
"164",637,"Algae&orgdetritus","Diatoms",NA,NA,"Diatoms"
"165",638,"Algae&orgdetritus","Algae",NA,NA,"Algae"
"166",639,"Algae&orgdetritus","Cyanobacteria","Cyanophyceae","Synechococcales","Plectonema nostocorum"
"167",642,"Algae&orgdetritus","Algae","Ulvophyceae","Bryopsidales","Avrainvillea nigricans"
"168",643,"Algae&orgdetritus","Algae","Florideophyceae","Ceramiales","Ceranium sp"
"169",647,"Algae&orgdetritus","Algae","Bangiophyceae","Goniotrichales","Asterocystis ramosa"
"170",649,"Algae&orgdetritus","Algae","Phaeophyceae","Dictyotales","Dictyota sp"
"171",650,"Algae&orgdetritus","Algae","Florideophyceae","Ceramiales","Polysiphonia sp"
"172",654,"Algae&orgdetritus","Coralline algae","Florideophyceae","Corallinales","Amphiroa fragilissima"
"173",655,"Algae&orgdetritus","Algae","Ulvophyceae","Bryopsidales","Bryopsis pennata"
"174",657,"Algae&orgdetritus","Algae","Phaeophyceae","Dictyotales","Pocockiella variegata"
"175",660,"Algae&orgdetritus","Algae","Ulvophyceae","Ulvales","Enteromorpha flexuosa"
"176",661,"Algae&orgdetritus","Algae","Phaeophyceae","Dictyotales","Dictyota divaricata"
"177",662,"Algae&orgdetritus","Algae","Florideophyceae","Ceramiales","Heterosiphonia wurdemanni"
"178",663,"Algae&orgdetritus","Algae","Florideophyceae","Ceramiales","Callithamnion sp"
"179",664,"Algae&orgdetritus","Algae","Ulvophyceae","Bryopsidales","Halimeda incressata"
"180",666,"Algae&orgdetritus","Algae","Florideophyceae","Ceramiales","Herposiphonia sp"
"181",667,"Algae&orgdetritus","Algae","Ulvophyceae","Ulvales","Enteromorpha sp"
"182",669,"Algae&orgdetritus","Algae","Ulvophyceae","Bryopsidales","Caulerpa sertularioides"
"183",671,"Algae&orgdetritus","Cyanobacteria","Cyanophyceae","Nostocales","Dichothrix sp"
"184",673,"Algae&orgdetritus","Algae","Florideophyceae","Nemaliales","Liagora ceranoides"
"185",674,"Algae&orgdetritus","Coralline algae","Florideophyceae","Corallinales","Jania rubens"
"186",675,"Algae&orgdetritus","Cyanobacteria","Cyanophyceae","Oscillatoriales","Lyngbya majuscula"
"187",676,"Algae&orgdetritus","Algae","Florideophyceae","Gelidiales","Gelidium rigidulum"
"188",677,"Algae&orgdetritus","Algae","Ulvophyceae","Ulvales","Ulva sp"
"189",679,"Algae&orgdetritus","Algae","Ulvophyceae","Bryopsidales","Codium intertextum"
"190",680,"Algae&orgdetritus","Algae","Florideophyceae","Ceramiales","Herposiphonia tenella"
"191",686,"Algae&orgdetritus","Algae","Ulvophyceae","Cladophorales","Rhizoclonium riparium"
"192",688,"Algae&orgdetritus","Algae","Florideophyceae","Gigartinales","Hypnea spinella"
"193",691,"Algae&orgdetritus","Algae","Ulvophyceae","Cladophorales","Valonia utricularis"
"194",692,"Algae&orgdetritus","Algae","Florideophyceae","Ceramiales","Ceramium nitens"
"195",693,"Algae&orgdetritus","Algae","Florideophyceae","Ceramiales","Ceranium nitens"
"196",695,"Algae&orgdetritus","Cyanobacteria","Cyanophyceae","Oscillatoriales","Phormidium sp"
"197",696,"Algae&orgdetritus","Cyanobacteria","Cyanophyceae","Oscillatoriales","Oscillatoria sp"
"198",697,"Algae&orgdetritus","Algae","Ulvophyceae","Bryopsidales","Caulerpa sp"
"199",700,"Algae&orgdetritus","Algae","Ulvophyceae","Bryopsidales","Bryopsis sp"
"200",701,"Algae&orgdetritus","Cyanobacteria","Cyanophyceae","Oscillatoriales","Phormidium penicellatum"
"201",704,"Algae&orgdetritus","Algae","Ulvophyceae","Bryopsidales","Halimeda sp"
"202",705,"Algae&orgdetritus","Algae","Ulvophyceae","Cladophorales","Cladophora sp"
"203",706,"Algae&orgdetritus","Algae","Florideophyceae","Ceramiales","Wrangelia argus"
"204",708,"Algae&orgdetritus","Algae","Florideophyceae","Ceramiales","Laurencia obtusa"
"205",711,"Algae&orgdetritus","Cyanobacteria","Cyanophyceae","Chroococcales","Anacystis sp"
"206",723,"Algae&orgdetritus","Algae","Ulvophyceae","Cladophorales","Cladophora delicatula"
"207",725,"Algae&orgdetritus","Algae","Ulvophyceae","Bryopsidales","Caulerpa racemosa"
"208",735,"Algae&orgdetritus","Algae","Florideophyceae","Ceramiales","Laurencia gemnifera"
"209",738,"Algae&orgdetritus","Algae","Florideophyceae","Ceramiales","Herposiphonia secunda"
"210",739,"Algae&orgdetritus","Cyanobacteria","Cyanophyceae","Oscillatoriales","Microcoleus sp"
"211",749,"Algae&orgdetritus","Algae","Florideophyceae","Ceramiales","Spyridia filamentosa"
"212",755,"Algae&orgdetritus","Algae","Florideophyceae","Rhodymeniales","Coelothrix irregularis"
"213",761,"Algae&orgdetritus","Algae","Florideophyceae","Ceramiales","Laurencia papillosa"
"214",764,"Algae&orgdetritus","Algae","Florideophyceae","Gigartinales","Hypnea musciformis"
"215",773,"Algae&orgdetritus","Algae","Phaeophyceae","Fucales","Sargassum platycarpum"
"216",780,"Algae&orgdetritus","Algae","Phaeophyceae","Fucales","Sargassum sp"
"217",781,"Algae&orgdetritus","Algae","Florideophyceae","Gelidiales","Gelidium corneum"
"218",788,"Algae&orgdetritus","Algae","Ulvophyceae","Ulvales","Ulva lactuca"
"219",796,"Algae&orgdetritus","Algae","Phaeophyceae","Ectocarpales","Eudesme zosterae"
"220",797,"Algae&orgdetritus","Algae","Florideophyceae","Ceramiales","Spermothamnion investiens"
"221",798,"Algae&orgdetritus","Algae","Ulvophyceae","Bryopsidales","Avrainvillea sp"
"222",805,"Algae&orgdetritus","Algae","Phaeophyceae","Ectocarpales","Ectocarpus sp"
"223",808,"Algae&orgdetritus","Algae","Ulvophyceae","Cladophorales","Dictyosphaeria favulosa"
"224",812,"Algae_benthic_bitten","Algae",NA,NA,"Algae"
"225",813,"Algae_diatoms","Algae",NA,NA,"Algae"
"226",816,"Algae_frags","Algae",NA,NA,"Algae"
"227",834,"Algae_frags_diatoms","Algae",NA,NA,"Algae"
"228",838,"Amphineura","Polyplacophora","Solenogastres",NA,"Solenogastres"
"229",839,"Amphineura","Polyplacophora","Polyplacophora",NA,"Polyplacophora"
"230",844,"Amphiopods","Amphipoda","Malacostraca","Amphipoda","Gammaridae"
"231",845,"Amphiopods","Amphipoda","Malacostraca","Amphipoda","Amphipoda"
"232",846,"Amphiopods","Amphipoda","Malacostraca","Amphipoda","Neomicrodentopus sp"
"233",849,"Amphiopods","Amphipoda","Malacostraca","Amphipoda","Hyperiidea"
"234",857,"Amphiopods","Amphipoda","Malacostraca","Amphipoda","Lysianassidae"
"235",861,"Amphiopods","Amphipoda","Malacostraca","Amphipoda","Paraphoxus sp"
"236",863,"Amphiopods","Amphipoda","Malacostraca","Amphipoda","Leucothoe sp"
"237",869,"Amphiopods","Amphipoda","Malacostraca","Amphipoda","Caprellidae"
"238",874,"Amphiopods","Amphipoda","Malacostraca","Amphipoda","Ampelisca sp"
"239",876,"Amphiopods","Amphipoda","Malacostraca","Amphipoda","Photidae"
"240",877,"Amphiopods","Amphipoda","Malacostraca","Amphipoda","Elasmopus sp"
"241",894,"Amphiopods","Amphipoda","Malacostraca","Amphipoda","Hyale sp"
"242",918,"Amphiopods","Amphipoda","Malacostraca","Amphipoda","Colomastix sp"
"243",930,"Amphiopods","Amphipoda","Malacostraca","Amphipoda","Metopidae"
"244",937,"Amphiopods","Amphipoda","Malacostraca","Amphipoda","Cymadusa sp"
"245",939,"Amphiopods","Amphipoda","Malacostraca","Amphipoda","Photis sp"
"246",957,"Amphiopods","Amphipoda","Malacostraca","Amphipoda","Eurystheus sp"
"247",961,"Amphiopods","Amphipoda","Malacostraca","Amphipoda","Cymadusa filosa"
"248",962,"Amphiopods","Amphipoda","Malacostraca","Amphipoda","Corophium sp"
"249",963,"Amphiopods","Amphipoda","Malacostraca","Amphipoda","Megamphopus sp"
"250",985,"Amphiopods","Amphipoda","Malacostraca","Amphipoda","Isaeidae"
"251",995,"Amphipodes","Amphipoda","Malacostraca","Amphipoda","Amphipoda"
"252",1119,"Amphipodes","Amphipoda","Malacostraca","Amphipoda","Amphipoda"
"253",1201,"Anemones","Actiniaria","Anthozoa","Actiniaria","Actiniaria"
"254",1203,"Animal_unid","Animalia",NA,NA,"Animalia"
"255",1254,"Fish","Fish","Actinopterygii","Perciformes","Pomacentridae"
"256",1259,"Annelid","Annelida",NA,NA,"Annelida"
"257",1260,"Anthozoans","Scleractinia","Anthozoa","Scleractinia","Pocillopora damicornis"
"258",1261,"Anthozoans","Scleractinia","Anthozoa","Scleractinia","Scleractinia"
"259",1262,"Anthozoans","Scleractinia","Anthozoa","Scleractinia","Porites superfusa"
"260",1263,"Anthozoans","Scleractinia","Anthozoa","Scleractinia","Porites sp"
"261",1264,"Anthozoans","Anthozoa","Anthozoa",NA,"Anthozoa"
"262",1265,"Anthozoans","Scleractinia","Anthozoa","Scleractinia","Pocillpora sp"
"263",1266,"Anthozoans","Actiniaria","Anthozoa","Actiniaria","Bunodactis stelloides"
"264",1269,"Anthozoans","Scleractinia","Anthozoa","Scleractinia","Colpophyllia sp"
"265",1278,"Anthozoans","Scleractinia","Anthozoa","Scleractinia","Porites"
"266",1279,"Anthozoans","Scleractinia","Anthozoa","Scleractinia","Goniastrea parvistella"
"267",1280,"Anthozoans","Scleractinia","Anthozoa","Scleractinia","Acropora sp"
"268",1286,"Anthozoans","Scleractinia","Anthozoa","Scleractinia","Montipora sp"
"269",1288,"Anthozoans","Actiniaria","Anthozoa","Actiniaria","Phyllactis flosculifera"
"270",1293,"Anthozoans","Scleractinia","Anthozoa","Scleractinia","Pavona varians"
"271",1298,"Anthozoans","Actiniaria","Anthozoa","Actiniaria","Phyllactis flosculifera"
"272",1303,"Anthozoans","Scleractinia","Anthozoa","Scleractinia","Cladocora arbuscula"
"273",1307,"Anthozoans","Scleractinia","Anthozoa","Scleractinia","Pocillopora sp"
"274",1314,"Anthozoans","Actiniaria","Anthozoa","Actiniaria","Bunodosoma granulifera"
"275",1320,"Anthozoans","Scleractinia","Anthozoa","Scleractinia","Oculina diffusa"
"276",1321,"Anthozoans","Scleractinia","Anthozoa","Scleractinia","Porites lobata"
"277",1324,"Appendiculaires","Tunicata","Appendicularia",NA,"Appendicularia"
"278",1346,"Arachnides","Arachnida","Arachnida",NA,"Arachnida"
"279",1348,"Arachnids","Arachnida","Arachnida",NA,"Arachnida"
"280",1349,"Ascidies","Tunicata","Ascidiacea",NA,"Ascidiacea"
"281",1425,"Asteroids","Asteroidea","Asteroidea","Paxillosida","Astropecten sp"
"282",1426,"Asteroids","Asteroidea","Asteroidea","Valvatida","Oreaster reticulata"
"283",1427,"Asteroids","Asteroidea","Asteroidea","Valvatida","Linckia guildingi"
"284",1428,"Asteroids","Asteroidea","Asteroidea",NA,"Asteroidea"
"285",1433,"Asteroids","Asteroidea","Asteroidea","Valvatida","Ophidiaster sp"
"286",1435,"Barnacle","Cirripedia","Hexanauplia",NA,"Cirripedia"
"287",1442,"Barnacle","Cirripedia","Hexanauplia","Pedunculata","Lepas sp"
"288",1448,"Bluegreen algae","Cyanobacteria",NA,NA,"Cyanobacteria"
"289",1456,"Bryozoa","Bryozoa",NA,NA,"Bryozoa"
"290",1470,"Bryozoaires","Bryozoa",NA,NA,"Bryozoa"
"291",1480,"Calcareous_frags",NA,NA,NA,NA
"292",1481,"Polychaeta","Polychaeta","Polychaeta",NA,"Polychaeta"
"293",1483,"Cephalochordates","Cephalochordata",NA,NA,"Cephalochordata"
"294",1487,"Cephalopoda","Cephalopoda","Cephalopoda","Octopoda","Octopus sp"
"295",1488,"Cephalopoda","Cephalopoda","Cephalopoda","Octopoda","Octopoda"
"296",1490,"Cephalopoda","Cephalopoda","Cephalopoda","Octopoda","Octopus cyanea"
"297",1492,"Cephalopodes","Cephalopoda","Cephalopoda",NA,"Cephalopoda"
"298",1506,"Cephalopods","Cephalopoda","Cephalopoda",NA,"Cephalopoda"
"299",1516,"Chaetognaths","Chaetognatha",NA,NA,"Chaetognatha"
"300",1520,"Chitons","Polyplacophora","Polyplacophora",NA,"Polyplacophora"
"301",1521,"Chitons","Polyplacophora","Polyplacophora","Chitonida","Acanthochitona pygmaea"
"302",1524,"Chitons","Polyplacophora","Polyplacophora","Chitonida","Acanthochitona sp"
"303",1525,"Chitons","Polyplacophora","Polyplacophora","Chitonida","Choneplax lata"
"304",1526,"Chitons","Polyplacophora","Polyplacophora","Chitonida","Acanthochiton hemphili"
"305",1533,"Chitons","Polyplacophora","Polyplacophora","Chitonida","Ischnochiton papillosus"
"306",1534,"Chordata","Chordata","Enteropneusta",NA,"Ptychodera sp"
"307",1538,"Cirripèdes","Cirripedia","Hexanauplia",NA,"Cirripedia"
"308",1564,"Cirripèdes panaches","Cirripedia","Hexanauplia",NA,"Cirripedia"
"309",1568,"Coelentarate","Hydrozoa","Hydrozoa",NA,"Hydrozoa"
"310",1569,"Coelentarate","Hydrozoa","Hydrozoa","Anthoathecata","Stylaster sanguineus"
"311",1572,"Coelentarate","Scleractinia","Anthozoa","Scleractinia","Scleractinia"
"312",1573,"Coelenterata_polyps","Cnidaria",NA,NA,"Coelenterata"
"313",1574,"Copepodes","Copepoda","Hexanauplia",NA,"Copepoda"
"314",1578,"Copepodes","Copepoda","Hexanauplia","Calanoida","Calanoida"
"315",1580,"Copepodes","Copepoda","Hexanauplia","Harpacticoida","Harpacticoida"
"316",1583,"Copepodes","Copepoda","Hexanauplia","Cyclopoida","Cyclopoida"
"317",1623,"Copepodes","Copepoda","Hexanauplia","Monstrilloida","Monstrilloida"
"318",1640,"Copepodes","Copepoda","Hexanauplia","Caligoida","Caligoida"
"319",1659,"Copepodes","Shrimp","Malacostraca","Decapoda","Shrimp"
"320",1677,"Copepodes","Insecta","Insecta",NA,"Insecta"
"321",1681,"Copepodes","Copepoda","Hexanauplia","Cyclopoida","Cyclopoida"
"322",1703,"Copepodes","Copepoda","Hexanauplia","Cycloida","Cycloida"
"323",1758,"Copepods","Copepoda","Hexanauplia","Calanoida","Undinula vulgaris"
"324",1759,"Copepods","Copepoda","Hexanauplia","Calanoida","Calanoida"
"325",1760,"Copepods","Copepoda","Hexanauplia","Calanoida","Scolecithrix danae"
"326",1761,"Copepods","Copepoda","Hexanauplia","Cyclopoida","Cyclopoida"
"327",1764,"Copepods","Copepoda","Hexanauplia","Calanoida","Temora turbinata"
"328",1766,"Copepods","Copepoda","Hexanauplia","Calanoida","Paracalanus parvus"
"329",1767,"Copepods","Copepoda","Hexanauplia","Harpacticoida","Harpacticoida"
"330",1768,"Copepods","Copepoda","Hexanauplia","Calanoida","Euchaeta marina"
"331",1769,"Copepods","Copepoda","Hexanauplia","Calanoida","Centropages hamatus"
"332",1770,"Copepods","Copepoda","Hexanauplia",NA,"Copepoda"
"333",1772,"Copepods","Copepoda","Hexanauplia","Calanoida","Paracalanus aculeatus"
"334",1773,"Copepods","Copepoda","Hexanauplia","Calanoida","Candacia pachydactyla"
"335",1775,"Copepods","Copepoda","Hexanauplia","Calagoida","Calagoida"
"336",1779,"Copepods","Copepoda","Hexanauplia","Harpacticoida","Miracia efferata"
"337",1785,"Copepods","Copepoda","Hexanauplia","Harpacticoida","Microsetella norvegica"
"338",1786,"Copepods","Copepoda","Hexanauplia","Poecilostomatoida","Oncaea sp"
"339",1794,"Copepods","Copepoda","Hexanauplia","Calanoida","Labidocera scotti"
"340",1805,"Copepods","Copepoda","Hexanauplia","Poecilostomatoida","Farrangula gracilis"
"341",1806,"Copepods","Copepoda","Hexanauplia","Calanoida","Temora stylifera"
"342",1809,"Copepods","Copepoda","Hexanauplia","Poecilostomatoida","Corycaeus subulatus"
"343",1811,"Copepods","Copepoda","Hexanauplia","Harpacticoida","Miracia minor"
"344",1815,"Copepods","Copepoda","Hexanauplia","Calanoida","Nannocalanus minor"
"345",1817,"Copepods","Copepoda","Hexanauplia","Harpacticoida","Euterpina acutifrons"
"346",1830,"Copepods","Copepoda","Hexanauplia","Calanoida","Calanopia americana"
"347",1846,"Copepods","Copepoda","Hexanauplia","Calanoida","Eucalanus monachus"
"348",1853,"Copepods","Copepoda","Hexanauplia","Poecilostomatoida","Corycaeus sp"
"349",1871,"Copepods","Copepoda","Hexanauplia","Calanoida","Paracalanus sp"
"350",1875,"Copepods","Copepoda","Hexanauplia","Poecilostomatoida","Corycaeus amazonicus"
"351",1887,"Copepods","Copepoda","Hexanauplia","Calanoida","Acartia negligens"
"352",1895,"Copepods","Copepoda","Hexanauplia","Calanoida","Paracalanus crassirostris"
"353",1898,"Copepods","Copepoda","Hexanauplia","Calanoida","Calocalanus sp"
"354",1902,"Copepods","Copepoda","Hexanauplia","Calanoida","Pontella sp"
"355",1907,"Copepods","Copepoda","Hexanauplia","Harpacticoida","Metis holothuria"
"356",1914,"Copepods","Copepoda","Hexanauplia","Calanoida","Rhincalanus cornutus"
"357",1928,"Copepods","Copepoda","Hexanauplia","Siphonostomatoida","Siphonostomatoida"
"358",1953,"Copepods","Copepoda","Hexanauplia","Calanoida","Eucalanus attenuatus"
"359",1965,"Copepods","Copepoda","Hexanauplia","Cyclopoida","Oithona sp"
"360",1985,"Copepods","Copepoda","Hexanauplia","Poecilostomatoida","Sapphrina sp"
"361",1990,"Coralline_algae","Coralline algae","Florideophyceae","Corallinales","Coralline_algae"
"362",1997,"Crab","Crab","Malacostraca","Decapoda","Emerita sp"
"363",1998,"Crab","Crab","Malacostraca","Decapoda","Portunidae"
"364",1999,"Crab","Crab","Malacostraca","Decapoda","Sesarma sp"
"365",2000,"Crab","Crab","Malacostraca","Decapoda","Calappidae"
"366",2001,"Crab","Crab","Malacostraca","Decapoda","Portunus sebae"
"367",2003,"Crab","Crab","Malacostraca","Decapoda","Brachyura"
"368",2004,"Crab","Crab","Malacostraca","Decapoda","Petrolisthes galathinus"
"369",2005,"Crab","Crab","Malacostraca","Decapoda","Crab"
"370",2007,"Crab","Crab","Malacostraca","Decapoda","Majidae"
"371",2008,"Crab","Crab","Malacostraca","Decapoda","Trapezia sp"
"372",2013,"Crab","Crab","Malacostraca","Decapoda","Mithrax coryphe"
"373",2015,"Crab","Crab","Malacostraca","Decapoda","Stenorhynchus seticornis"
"374",2016,"Crab","Crab","Malacostraca","Decapoda","Portunus sp"
"375",2017,"Crab","Crab","Malacostraca","Decapoda","Domecia hispida"
"376",2018,"Crab","Crab","Malacostraca","Decapoda","Hippidae"
"377",2019,"Crab","Decapoda","Malacostraca","Decapoda","Decapoda"
"378",2027,"Crab","Crab","Malacostraca","Decapoda","Oxyrhynchid"
"379",2030,"Crab","Crab","Malacostraca","Decapoda","Xanthidae"
"380",2038,"Crab","Crab","Malacostraca","Decapoda","Mithrax sp"
"381",2041,"Crab","Crab","Malacostraca","Decapoda","Raninidae"
"382",2062,"Crab","Crab","Malacostraca","Decapoda","Percnon gibbesi"
"383",2067,"Crab","Crab","Malacostraca","Decapoda","Ranilia muricata"
"384",2073,"Crab","Crab","Malacostraca","Decapoda","Porcellanidae"
"385",2075,"Crab","Crab","Malacostraca","Decapoda","Leptodius floridanus"
"386",2079,"Crab","Crab","Malacostraca","Decapoda","Charybdis sp"
"387",2084,"Crab","Crab","Malacostraca","Decapoda","Tetralia glaberrima"
"388",2085,"Crab","Crab","Malacostraca","Decapoda","Petrolisthes sp"
"389",2088,"Crab","Crab","Malacostraca","Decapoda","Thalamita sp"
"390",2089,"Crab","Crab","Malacostraca","Decapoda","Portunus anceps"
"391",2093,"Crab","Crab","Malacostraca","Decapoda","Pitho sp"
"392",2097,"Crab","Crab","Malacostraca","Decapoda","Calappa ocellata"
"393",2100,"Crab","Crab","Malacostraca","Decapoda","Petrolisthes polita"
"394",2120,"Crab","Crab","Malacostraca","Decapoda","Leiolambrus nitidus"
"395",2123,"Crab","Crab","Malacostraca","Decapoda","Platypodia spectabilis"
"396",2154,"Crab","Crab","Malacostraca","Decapoda","Pitho lherminieri"
"397",2160,"Crab","Crab","Malacostraca","Decapoda","Goneplacidae"
"398",2166,"Crab","Crab","Malacostraca","Decapoda","Mithrax cinctimanus"
"399",2168,"Crab","Crab","Malacostraca","Decapoda","Mithrax sculptus"
"400",2173,"Crab","Crab","Malacostraca","Decapoda","Grapsidae"
"401",2185,"Crab","Crab","Malacostraca","Decapoda","Xanthodius denticulatus"
"402",2198,"Crab","Crab","Malacostraca","Decapoda","Etisus sp"
"403",2205,"Crab","Crab","Malacostraca","Decapoda","Parthenopidae"
"404",2214,"Crab","Crab","Malacostraca","Decapoda","Portunus ordwayi"
"405",2227,"Shrimp","Shrimp","Malacostraca","Decapoda","Shrimp"
"406",2230,"Crab","Crab","Malacostraca","Decapoda","Callinectes sp"
"407",2240,"Crab","Crab","Malacostraca","Decapoda","Parthenope serrata"
"408",2241,"Crab","Crab","Malacostraca","Decapoda","Cronius ruber"
"409",2243,"Crab","Crab","Malacostraca","Decapoda","Carpilius corallinus"
"410",2245,"Crab","Crab","Malacostraca","Decapoda","Arenaeus cribrarius"
"411",2262,"Crab","Crab","Malacostraca","Decapoda","Pitho aculeata"
"412",2270,"Crab","Crab","Malacostraca","Decapoda","Herbstia sp"
"413",2276,"Crab","Crab","Malacostraca","Decapoda","Mithrax verrucosus"
"414",2277,"Crab","Crab","Malacostraca","Decapoda","Calappa gallus"
"415",2294,"Crab","Crab","Malacostraca","Decapoda","Kraussia rugulosus"
"416",2311,"Crab","Crab","Malacostraca","Decapoda","Albunea gibbesii"
"417",2314,"Crab","Crab","Malacostraca","Decapoda","Pilumnus sp"
"418",2321,"Crab","Crab","Malacostraca","Decapoda","Microphrys bicornutus"
"419",2329,"Crab","Crab","Malacostraca","Decapoda","Actaea acantha"
"420",2333,"Crab","Crab","Malacostraca","Decapoda","Persephona punctata"
"421",2334,"Crab","Crab","Malacostraca","Decapoda","Portunus bahamensis"
"422",2349,"Crab","Crab","Malacostraca","Decapoda","Mithrax forceps"
"423",2357,"Crab","Crab","Malacostraca","Decapoda","Grapsoidae"
"424",2364,"Crab","Crab","Malacostraca","Decapoda","Calappa sp"
"425",2379,"Crab","Crab","Malacostraca","Decapoda","Upogebia sp"
"426",2395,"Crab","Crab","Malacostraca","Decapoda","Pachygrapsus plicatus"
"427",2397,"Crab","Crab","Malacostraca","Decapoda","Chorinus heros"
"428",2403,"Crab","Crab","Malacostraca","Decapoda","Tetralia sp"
"429",2427,"Crab","Crab","Malacostraca","Decapoda","Actaea rufopunctata"
"430",2485,"Shrimp","Shrimp","Malacostraca","Decapoda","Periclimenes sp"
"431",2486,"Crab","Crab","Malacostraca","Decapoda","Panopeus sp"
"432",2496,"Crab","Crab","Malacostraca","Decapoda","Acanthonyx petiverii"
"433",2502,"Crab","Crab","Malacostraca","Decapoda","Pinnotheridae"
"434",2511,"Crab","Crab","Malacostraca","Decapoda","Macrocoeloma trispinosum"
"435",2513,"Crab","Crab","Malacostraca","Decapoda","Calappa flammea"
"436",2532,"Crab","Crab","Malacostraca","Decapoda","Euryplax nitida"
"437",2545,"Crab","Crab","Malacostraca","Decapoda","Cronius tumidulus"
"438",2555,"Crab","Crab","Malacostraca","Decapoda","Porcellana sayana"
"439",2586,"Crab","Crab","Malacostraca","Decapoda","Macrocoelema sp"
"440",2595,"Crab","Crab","Malacostraca","Decapoda","Chlorodiella longimana"
"441",2650,"Crab","Crab","Malacostraca","Decapoda","Percnon sp"
"442",2654,"Crab","Crab","Malacostraca","Decapoda","Portunus longispinosus"
"443",2673,"Crab","Crab","Malacostraca","Decapoda","Leucosiidae"
"444",2676,"Crab","Crab","Malacostraca","Decapoda","Emerita portoricensis"
"445",2677,"Crab","Crab","Malacostraca","Decapoda","Pisosoma sp"
"446",2678,"Crab","Crab","Malacostraca","Decapoda","Lydia annulipes"
"447",2681,"Crab","Crab","Malacostraca","Decapoda","Oxystomata"
"448",2707,"Crab","Crab","Malacostraca","Decapoda","Sicyonia sp"
"449",2719,"Crab","Crab","Malacostraca","Decapoda","Ebalia stimpsonii"
"450",2724,"Crabes","Crab","Malacostraca","Decapoda","Crab"
"451",2726,"Crinoid","Crinoidea","Crinoidea",NA,"Crinoidea"
"452",2728,"Crustacea","Crustacea",NA,NA,"Crustacea"
"453",2729,"Crustacea","Copepoda","Hexanauplia",NA,"Copepoda"
"454",2732,"Crustacea","Isopoda","Malacostraca","Isopoda","Isopoda"
"455",2748,"Crustacea","Crab","Malacostraca","Decapoda","Xanthidae"
"456",2749,"Crustacea","Ostracoda","Ostracoda",NA,"Ostracoda"
"457",2762,"Crustacea","Crab","Malacostraca","Decapoda","Majidae"
"458",2771,"Crustacea","Cirripedia","Hexanauplia",NA,"Cypris_larvae"
"459",2814,"Crustacea","Copepoda","Hexanauplia","Calanoida","Calanoida"
"460",2815,"Crustacea","Zooplankton","Malacostraca","Mysida","Mysida"
"461",2846,"Crustacea","Decapoda","Malacostraca","Decapoda","Galathea sp"
"462",2847,"Crustacea","Copepoda","Hexanauplia","Cyclopoida","Cyclopoida"
"463",2867,"Crustacea","Crab","Malacostraca","Decapoda","Parthenopidae"
"464",2975,"Crustacea","Zooplankton","Malacostraca","Leptostraca","Nebaliacea"
"465",3037,"Crustacea","Copepoda","Hexanauplia","Caligoida","Caligoida"
"466",3076,"Crustacea","Copepoda","Hexanauplia","Harpacticoida","Harpacticoida"
"467",3146,"Ctenophores","Ctenophora",NA,NA,"Ctenophora"
"468",3147,"Cumacés","Zooplankton","Malacostraca","Cumacea","Cumacea"
"469",3192,"Cumacés","Zooplankton","Malacostraca","Cumacea","Cumacea"
"470",3204,"Cumacés","Zooplankton","Malacostraca","Cumacea","Cumacea"
"471",3207,"Debris","Detritus",NA,NA,"Detritus_OM"
"472",3210,"Debris_OM","Detritus",NA,NA,"Detritus_OM"
"473",3216,"Debris_Sand_Foraminifera","Detritus",NA,NA,"Organic"
"474",3217,"Debris_unid","Detritus",NA,NA,"Organic"
"475",3223,"Decapod larvae","Decapoda","Malacostraca","Decapoda","Decapoda"
"476",3225,"Detritus","Detritus",NA,NA,"Detritus_OM"
"477",3230,"Detritus_sand","Detritus",NA,NA,"Detritus_OM"
"478",3237,"Detritus_Sand","Detritus",NA,NA,"Detritus_OM"
"479",3238,"Diatoms","Diatoms",NA,NA,"Diatoms"
"480",3244,"Diatoms_colonial","Diatoms",NA,NA,"Diatoms"
"481",3245,"Divers",NA,NA,NA,NA
"482",3247,"Echinides","Echinoidea","Echinoidea",NA,"Echinoidea"
"483",3273,"Echinoderms","Echinodermata",NA,NA,"Echinodermata"
"484",3274,"Echinoids","Echinoidea","Echinoidea","Echinoida","Echinometra sp"
"485",3275,"Echinoids","Echinoidea","Echinoidea","Cidaroida","Eucidaris metularia"
"486",3276,"Echinoids","Echinoidea","Echinoidea","Cidaroida","Eucidaris tribuloides"
"487",3278,"Echinoids","Echinoidea","Echinoidea",NA,"Echinoidea"
"488",3279,"Echinoids","Echinoidea","Echinoidea","Diadematoida","Diadema antillarum"
"489",3280,"Echinoids","Echinoidea","Echinoidea","Temnopleuroida","Lytechinus variegatus"
"490",3288,"Echinoids","Echinoidea","Echinoidea","Spatangoida","Brissus brissus"
"491",3289,"Echinoids","Echinoidea","Echinoidea","Spatangoida","Spatangoida"
"492",3290,"Echinoids","Echinoidea","Echinoidea","Echinoida","Echinometra viridis"
"493",3293,"Echinoids","Echinoidea","Echinoidea","Echinoida","Echinometra mathaei"
"494",3297,"Echinoids","Echinoidea","Echinoidea","Echinoida","Heterocentrotus mammillatus"
"495",3299,"Echinoids","Echinoidea","Echinoidea","Spatangoida","Maretia sp"
"496",3303,"Echinoids","Echinoidea","Echinoidea","Camarodonta","Echinometridae"
"497",3309,"Echinoids","Echinoidea","Echinoidea","Spatangoida","Moira atropus"
"498",3327,"Echinoids","Echinoidea","Echinoidea","Echinoida","Echinometra lacunter"
"499",3349,"Echinoids","Echinoidea","Echinoidea","Cidaroida","Eucidaris sp"
"500",3350,"Echinoids","Echinoidea","Echinoidea","Temnopleuroida","Tripneustes esculentus"
"501",3351,"Echinoids","Echinoidea","Echinoidea","Clypeasteroida","Clypeaster sp"
"502",3368,"Echinoids","Echinoidea","Echinoidea","Cidaroida","Cidaridea"
"503",3397,"Echiures","Polychaeta","Polychaeta","Echiura","Echiuroidae"
"504",3401,"Echiuroids","Polychaeta","Polychaeta","Echiura","Echiuroidae"
"505",3403,"Eggs","Eggs",NA,NA,"Eggs"
"506",3410,"Eggs_demersal","Eggs",NA,NA,"Eggs"
"507",3413,"Eggs_invert","Eggs",NA,NA,"Eggs"
"508",3415,"Eggs_planktonic","Eggs",NA,NA,"Eggs"
"509",3420,"Eggs_unid","Eggs",NA,NA,"Eggs"
"510",3436,"Eponges","Porifera",NA,NA,"Porifera"
"511",3486,"Euphausids","Zooplankton","Malacostraca","Euphausiacea","Euphausiacea"
"512",3489,"Filamentous_algae","Algae",NA,NA,"Algae"
"513",3575,"Filamentous_red_algae","Algae",NA,NA,"Algae"
"514",3576,"Fish","Fish","Actinopterygii",NA,"Fish"
"515",3577,"Fish","Fish","Actinopterygii","Acanthuriformes","Acanthurus sp"
"516",3578,"Fish","Fish","Actinopterygii","Tetraodontiformes","Cantherhines pullus"
"517",3579,"Fish","Fish","Actinopterygii","Clupeiformes","Clupeidae"
"518",3580,"Fish","Fish","Actinopterygii","Clupeiformes","Jenkinsia sp"
"519",3581,"Fish","Fish","Actinopterygii","Labriformes","Scaridae"
"520",3583,"Fish","Fish","Actinopterygii","Priacanthiformes","Priacanthus arenatus"
"521",3585,"Fish","Fish","Actinopterygii","Tetraodontiformes","Diodon hystrix"
"522",3586,"Fish","Fish","Actinopterygii","Tetraodontiformes","Monacanthus sp"
"523",3587,"Fish","Fish","Actinopterygii","Anguilliformes","Anguilliformes"
"524",3589,"Fish","Fish","Actinopterygii","Labriformes","Halichoeres sp"
"525",3592,"Fish","Fish","Actinopterygii","Clupeiformes","Engraulidae"
"526",3593,"Fish","Fish","Actinopterygii","Perciformes","Opisthognathus sp"
"527",3594,"Fish","Fish","Actinopterygii","Perciformes","Scorpaena plumieri"
"528",3595,"Fish","Fish","Actinopterygii",NA,"Fish_eggs"
"529",3597,"Fish","Fish","Actinopterygii","Tetraodontiformes","Sphoeroides sp"
"530",3598,"Fish","Fish","Actinopterygii","Perciformes","Stegastes fasciolatus"
"531",3599,"Fish","Fish","Actinopterygii","Lutjaniformes","Haemulon aurolineatum"
"532",3602,"Fish","Fish","Actinopterygii","Blenniiformes","Cirripectes variolosus"
"533",3603,"Fish","Fish","Actinopterygii","Perciformes","Plectroglyphidodon dickii"
"534",3605,"Fish","Fish","Actinopterygii","Syngnathiformes","Pseudupeneus maculatus"
"535",3608,"Fish","Fish","Actinopterygii","Tetraodontiformes","Sphoeroides spengleri"
"536",3611,"Fish","Fish","Actinopterygii","Labriformes","Labridae"
"537",3612,"Fish","Fish","Actinopterygii","Perciformes","Pomacentridae"
"538",3617,"Fish","Fish","Actinopterygii","Atheriniformes","Hypoatherina harringtonensis"
"539",3618,"Fish","Fish","Actinopterygii","Atheriniformes","Atherinomorus stipes"
"540",3620,"Fish","Fish","Actinopterygii","Labriformes","Sparisoma sp"
"541",3621,"Fish","Fish","Actinopterygii","Blenniiformes","Cirripectes sp"
"542",3622,"Fish","Fish","Actinopterygii","Perciformes","Siganus sp"
"543",3623,"Fish","Fish","Actinopterygii","Perciformes","Plectroglyphidodon leucozonus"
"544",3625,"Fish","Fish","Actinopterygii","Perciformes","Chromis multilineata"
"545",3635,"Fish","Fish","Actinopterygii","Perciformes","Epinephelus sp"
"546",3636,"Fish","Fish","Actinopterygii","Perciformes","Abudefduf sp"
"547",3639,"Fish","Fish","Actinopterygii","Kurtiformes","Ostorhinchus novemfasciatus"
"548",3640,"Fish","Fish","Actinopterygii","Atheriniformes","Hypoatherina ovalaua"
"549",3646,"Fish","Fish","Actinopterygii",NA,"Fish_larvae"
"550",3649,"Fish","Fish","Actinopterygii","Myliobatiformes","Dasyatis americana"
"551",3650,"Fish","Fish","Actinopterygii","Tetraodontiformes","Diodon sp"
"552",3657,"Fish","Fish","Actinopterygii","Gobiiformes","Gobiidae"
"553",3659,"Fish","Fish","Actinopterygii","Acanthuriformes","Acanthurus triostegus"
"554",3660,"Fish","Fish","Actinopterygii","Tetraodontiformes","Balistidae"
"555",3662,"Fish","Fish","Actinopterygii","Syngnathiformes","Parupeneus trifasciatus"
"556",3663,"Fish","Fish","Actinopterygii","Gobiiformes","Ctenogobius sp"
"557",3664,"Fish","Fish","Actinopterygii","Perciformes","Chrysiptera brownriggii"
"558",3669,"Fish","Fish","Actinopterygii","Atheriniformes","Atherinidae"
"559",3670,"Fish","Fish","Actinopterygii","Carangiformes","Carangidae"
"560",3672,"Fish","Fish","Actinopterygii","Lutjaniformes","Haemulon sp"
"561",3673,"Fish","Fish","Actinopterygii","Clupeiformes","Harengula sp"
"562",3674,"Fish","Fish","Actinopterygii","Perciformes","Serranus sp"
"563",3676,"Fish","Fish","Actinopterygii","Clupeiformes","Jenkinsia lamprotaenia"
"564",3677,"Fish","Fish","Actinopterygii","Clupeiformes","Anchoa sp"
"565",3679,"Fish","Fish","Actinopterygii","Perciformes","Microspathodon chrysurus"
"566",3680,"Fish","Fish","Actinopterygii","Anguilliformes","Gymnothorax miliaris"
"567",3681,"Fish","Fish","Actinopterygii","Anguilliformes","Muraenidae"
"568",3682,"Fish","Fish","Actinopterygii","Holocentriformes","Myripristis jacobus"
"569",3683,"Fish","Fish","Actinopterygii","Tetraodontiformes","Tetraodontidae"
"570",3685,"Fish","Fish","Actinopterygii","Perciformes","Stegastes fuscus"
"571",3688,"Fish","Fish","Actinopterygii","Lutjaniformes","Lutjanus griseus"
"572",3689,"Fish","Fish","Actinopterygii","Pleurotomariida","Scarus sp"
"573",3692,"Fish","Fish","Actinopterygii","Aulopiformes","Synodontidae"
"574",3693,"Fish","Fish","Actinopterygii","Acanthuriformes","Ctenochaetus striatus"
"575",3695,"Fish","Fish","Actinopterygii","Labriformes","Scarus iseri"
"576",3696,"Fish","Fish","Actinopterygii","Labriformes","Sparisoma aurofrenatum"
"577",3697,"Fish","Fish","Actinopterygii","Labriformes","Sparisoma viride"
"578",3698,"Fish","Fish","Actinopterygii","Syngnathiformes","Aulostomus chinensis"
"579",3700,"Fish","Fish","Actinopterygii","Blenniiformes","Plagiotremus goslinei"
"580",3701,"Fish","Fish","Actinopterygii","Perciformes","Parapercidae"
"581",3712,"Fish","Fish","Actinopterygii","Perciformes","Labridae"
"582",3714,"Fish","Fish","Actinopterygii","Blenniiformes","Istiblennius sp"
"583",3716,"Fish","Fish","Actinopterygii","Perciformes","Chromis ternatensis"
"584",3718,"Fish","Fish","Actinopterygii","Clupeiformes","Anchoa parva"
"585",3723,"Fish","Fish","Actinopterygii","Beloniformes","Tylosurus sp"
"586",3732,"Fish","Fish","Actinopterygii","Clupeiformes","Cetengraulis edentulus"
"587",3733,"Fish","Fish","Actinopterygii","Clupeiformes","Harengula humeralis"
"588",3734,"Fish","Fish","Actinopterygii","Mugiliformes","Mugil sp"
"589",3737,"Fish","Fish","Actinopterygii","Blenniiformes","Blenniidae"
"590",3739,"Fish","Fish","Actinopterygii","Spariformes","Calamus sp"
"591",3748,"Fish","Fish","Actinopterygii","Tetraodontiformes","Stephanolepis setifer"
"592",3752,"Fish","Fish","Actinopterygii","Acanthuriformes","Acanthurus bahianus"
"593",3754,"Fish","Fish","Actinopterygii","Kurtiformes","Apogonidae"
"594",3756,"Fish","Fish","Actinopterygii","Blenniiformes","Clinidae"
"595",3757,"Fish","Fish","Actinopterygii","Perciformes","Chromis cyanea"
"596",3759,"Fish","Fish","Actinopterygii","Lutjaniformes","Haemulon flavolineatum"
"597",3760,"Fish","Fish","Actinopterygii","Holocentriformes","Sargocentron coruscum"
"598",3761,"Fish","Fish","Actinopterygii","Holocentriformes","Holocentrus rufus"
"599",3762,"Fish","Fish","Actinopterygii","Blenniiformes","Labrisomus kalisherae"
"600",3763,"Fish","Fish","Actinopterygii","Blenniiformes","Malacoctenus gilli"
"601",3765,"Fish","Fish","Actinopterygii","Blenniiformes","Ophioblennius atlanticus"
"602",3766,"Fish","Fish","Actinopterygii","Perciformes","Pomacentrus sp"
"603",3767,"Fish","Fish","Actinopterygii","Perciformes","Stegastes pictus"
"604",3769,"Fish","Fish","Actinopterygii","Gobiiformes","Priolepis hipoliti"
"605",3770,"Fish","Fish","Actinopterygii","Labriformes","Thalassoma bifasciatum"
"606",3775,"Fish","Fish","Actinopterygii","Perciformes","Stegastes planifrons"
"607",3779,"Fish","Fish","Actinopterygii","Perciformes","Abudefduf saxatilis"
"608",3785,"Fish","Fish","Actinopterygii","Carangiformes","Selar crumenophthalmus"
"609",3788,"Fish","Fish","Actinopterygii","Gobiiformes","Coryphopterus sp"
"610",3789,"Fish","Fish","Actinopterygii","Tetraodontiformes","Monacanthidae"
"611",3791,"Fish","Fish","Actinopterygii","Carangiformes","Trachinotus baillonii"
"612",3802,"Fish","Fish","Actinopterygii","Beloniformes","Hemiramphus brasiliensis"
"613",3808,"Fish","Fish","Actinopterygii","Gobiiformes","Bathygobius fuscus"
"614",3809,"Fish","Fish","Actinopterygii","Perciformes","Amphiprion melanopus"
"615",3810,"Fish","Fish","Actinopterygii","Kurtiformes","Pristiapogon exostigma"
"616",3821,"Fish","Fish","Actinopterygii","Kurtiformes","Phaeoptyx pigmentaria"
"617",3823,"Fish","Fish","Actinopterygii","Gobiiformes","Eviota sp"
"618",3827,"Fish","Fish","Actinopterygii","Aulopiformes","Saurida sp"
"619",3831,"Fish","Fish","Actinopterygii","Kurtiformes","Pristiapogon kallopterus"
"620",3832,"Fish","Fish","Actinopterygii","Acanthuriformes","Acanthurus nigrofuscus"
"621",3833,"Fish","Fish","Actinopterygii","Tetraodontiformes","Canthigaster sp"
"622",3838,"Fish","Fish","Actinopterygii","Perciformes","Plectroglyphidodon imparipennis"
"623",3851,"Fish","Fish","Actinopterygii","Holocentriformes","Sargocentron xantherythrum"
"624",3854,"Fish","Fish","Actinopterygii","Anguilliformes","Gymnothorax margaritophorus"
"625",3856,"Fish","Fish","Actinopterygii","Syngnathiformes","Syngnathidae"
"626",3857,"Fish","Fish","Actinopterygii","Holocentriformes","Neoniphon sammara"
"627",3871,"Fish","Fish","Actinopterygii","Clupeiformes","Spratelloides delicatulus"
"628",3875,"Fish","Fish","Actinopterygii","Syngnathiformes","Aulostomus maculatus"
"629",3877,"Fish","Fish","Actinopterygii","Pempheriformes","Pempheris oualensis"
"630",3885,"Fish","Fish","Actinopterygii","Chaetodontiformes","Chaetodontidae"
"631",3886,"Fish","Fish","Actinopterygii","Perciformes","Chrysiptera biocellata"
"632",3898,"Fish","Fish","Actinopterygii","Syngnathiformes","Mullidae"
"633",3904,"Fish","Fish","Actinopterygii","Beloniformes","Ablennes hians"
"634",3908,"Fish","Fish","Actinopterygii","Tetraodontiformes","Canthigaster rostrata"
"635",3910,"Fish","Fish","Actinopterygii","Carangiformes","Caranx crysos"
"636",3912,"Fish","Fish","Actinopterygii","Carangiformes","Decapterus sp"
"637",3914,"Fish","Fish","Actinopterygii","Anguilliformes","Echidna catenata"
"638",3916,"Fish","Fish","Actinopterygii","Clupeiformes","Harengula clupeola"
"639",3918,"Fish","Fish","Actinopterygii","Lutjaniformes","Ocyurus chrysurus"
"640",3920,"Fish","Fish","Actinopterygii","Perciformes","Sphyraena picudilla"
"641",3921,"Fish","Fish","Actinopterygii","Aulopiformes","Trachinocephalus myops"
"642",3922,"Fish","Fish","Actinopterygii","Perciformes","Chrysiptera glauca"
"643",3925,"Fish","Fish","Actinopterygii","Labriformes","Scarus sp"
"644",3932,"Fish","Fish","Actinopterygii","Anguilliformes","Congridae"
"645",3936,"Fish","Fish","Actinopterygii","Aulopiformes","Synodus intermedius"
"646",3938,"Fish","Fish","Actinopterygii","Gobiiformes","Gnatholepis anjerensis"
"647",3947,"Fish","Fish","Actinopterygii",NA,"Fish_eggs"
"648",3948,"Fish","Fish","Actinopterygii","Holocentriformes","Holocentrus sp"
"649",3959,"Fish","Fish","Actinopterygii","Tetraodontiformes","Monacanthus tuckeri"
"650",3962,"Fish","Fish","Actinopterygii","Blenniiformes","Starksia sp"
"651",3964,"Fish","Fish","Actinopterygii","Labriformes","Halichoeres garnoti"
"652",3965,"Fish","Fish","Actinopterygii","Holocentriformes","Holocentrus adscensionis"
"653",3974,"Fish","Fish","Actinopterygii","Kurtiformes","Apogon erythrinus"
"654",3976,"Fish","Fish","Actinopterygii","Gobiiformes","Coryphopterus personatus"
"655",3987,"Fish","Fish","Actinopterygii","Labriformes","Bodianus rufus"
"656",3990,"Fish","Fish","Actinopterygii","Atheriniformes","Hypoatherina temminckii"
"657",3997,"Fish","Fish","Actinopterygii","Perciformes","Serranidae"
"658",3998,"Fish","Fish","Actinopterygii","Anguilliformes","Gymnothorax sp"
"659",3999,"Fish","Fish","Actinopterygii","Lutjaniformes","Haemulon vittatum"
"660",4000,"Fish","Fish","Actinopterygii","Syngnathiformes","Mulloidichthys martinicus"
"661",4003,"Fish","Fish","Actinopterygii","Tetraodontiformes","Lactophrys sp"
"662",4004,"Fish","Fish","Actinopterygii","Tetraodontiformes","Lactophrys triqueter"
"663",4010,"Fish","Fish","Actinopterygii","Priacanthiformes","Heteropriacanthus cruentatus"
"664",4017,"Fish","Fish","Actinopterygii","Lutjaniformes","Haemulon sciurus"
"665",4019,"Fish","Fish","Actinopterygii","Labriformes","Scarus coeruleus"
"666",4022,"Fish","Fish","Actinopterygii","Clupeiformes","Anchoa lamprotaenia"
"667",4025,"Fish","Fish","Actinopterygii","Perciformes","Cephalopholis fulva"
"668",4028,"Fish","Fish","Actinopterygii","Labriformes","Clepticus parrae"
"669",4029,"Fish","Fish","Actinopterygii","Anguilliformes","Enchelycore nigricans"
"670",4031,"Fish","Fish","Actinopterygii","Anguilliformes","Gymnothorax moringa"
"671",4034,"Fish","Fish","Actinopterygii","Labriformes","Halichoeres bivittatus"
"672",4039,"Fish","Fish","Actinopterygii","Perciformes","Hypoplectrus puella"
"673",4042,"Fish","Fish","Actinopterygii","Lutjaniformes","Lutjanus sp"
"674",4043,"Fish","Fish","Actinopterygii","Clupeiformes","Opisthonema oglinum"
"675",4054,"Fish","Fish","Actinopterygii","Labriformes","Scarus vetula"
"676",4061,"Fish","Fish","Actinopterygii","Beloniformes","Belonidae"
"677",4090,"Fish","Fish","Actinopterygii","Acanthuriformes","Acanthurus coeruleus"
"678",4104,"Fish","Fish","Actinopterygii","Carangiformes","Caranx ruber"
"679",4121,"Fish","Fish","Actinopterygii","Syngnathiformes","Fistularia tabacaria"
"680",4133,"Fish","Fish","Actinopterygii","Acanthuriformes","Naso sp"
"681",4136,"Fish","Fish","Actinopterygii","Perciformes","Odontoscion dentex"
"682",4141,"Fish","Fish","Actinopterygii","Syngnathiformes","Diplogrammus goramensis"
"683",4143,"Fish","Fish","Actinopterygii","Blenniiformes","Chaenopsis ocellata"
"684",4151,"Fish","Fish","Actinopterygii","Holocentriformes","Holocentridae"
"685",4172,"Fish","Fish","Actinopterygii","Tetraodontiformes","Xanthichthys ringens"
"686",4181,"Fish","Fish","Actinopterygii","Syngnathiformes","Dactylopterus volitans"
"687",4209,"Fish","Fish","Actinopterygii","Labriformes","Halichoeres poeyi"
"688",4227,"Fish","Fish","Actinopterygii","Blenniiformes","Blenniella gibbifrons"
"689",4239,"Fish","Fish","Actinopterygii","Perciformes","Scorpaenidae"
"690",4244,"Fish","Fish","Actinopterygii","Labriformes","Pseudocheilinus sp"
"691",4250,"Fish","Fish","Actinopterygii","Perciformes","Malacanthus plumieri"
"692",4285,"Fish","Fish","Actinopterygii","Anguilliformes","Ophichthidae"
"693",4286,"Fish","Fish","Actinopterygii","Labriformes","Thalassoma duperrey"
"694",4292,"Fish","Fish","Actinopterygii","Clupeiformes","Anchoa hepsetus"
"695",4306,"Crab","Crab","Malacostraca","Decapoda","Goneplacidae"
"696",4320,"Fish","Fish","Actinopterygii","Lutjaniformes","Haemulon plumierii"
"697",4347,"Fish","Fish","Actinopterygii","Labriformes","Halichoeres maculipinna"
"698",4348,"Fish","Fish","Actinopterygii","Centrarchiformes","Cirrhitops fasciatus"
"699",4361,"Fish","Fish","Actinopterygii","Perciformes","Holacanthus tricolor"
"700",4364,"Fish","Fish","Actinopterygii","Blenniiformes","Entomacrodus nigricans"
"701",4379,"Fish","Fish","Actinopterygii","Anguilliformes","Myrichthys sp"
"702",4385,"Fish","Fish","Actinopterygii","Beloniformes","Parexocoetus brachypterus"
"703",4412,"Fish","Fish","Actinopterygii","Holocentriformes","Sargocentron diadema"
"704",4414,"Fish","Fish","Actinopterygii","Blenniiformes","Blenniella paula"
"705",4439,"Fish","Fish","Actinopterygii","Perciformes","Diplectrum radiale"
"706",4441,"Fish","Fish","Actinopterygii","Blenniiformes","Enneapterygius minutus"
"707",4454,"Fish","Fish","Actinopterygii","Lutjaniformes","Haemulon carbonarium"
"708",4468,"Fish","Fish","Actinopterygii","Perciformes","Scorpaena inermis"
"709",4476,"Fish","Fish","Actinopterygii","Syngnathiformes","Hippocampus sp"
"710",4481,"Fleshy_algae","Algae",NA,NA,"Algae"
"711",4482,"Foraminifera","Foraminifera",NA,NA,"Foraminifera"
"712",4484,"Foraminifera","Foraminifera","Globothalamea","Rotaliida","Calcarina sp"
"713",4497,"Foraminifera","Foraminifera","Tubothalamea","Miliolida","Marginopora sp"
"714",4625,"Foraminifera","Foraminifera",NA,"Miliolida","Marginopora sp"
"715",4634,"Foraminifera_Sand","Foraminifera",NA,NA,"Foraminifera"
"716",4637,"Frags_unid",NA,NA,NA,NA
"717",4695,"Galatheides","Crab","Malacostraca","Decapoda","Galatheidae"
"718",4712,"Garbage",NA,NA,NA,NA
"719",4715,"Gastropoda","Gastropoda","Gastropoda",NA,"Gastropoda"
"720",4717,"Gastropoda","Gastropoda","Gastropoda",NA,"Cerithium sp"
"721",4718,"Gastropoda","Gastropoda","Gastropoda","Cephalaspidea","Atys sp"
"722",4730,"Gastropoda","Gastropoda","Gastropoda","Littorinimorpha","Vermetidae"
"723",4741,"Gastropoda","Gastropoda","Gastropoda",NA,"Veliger_larvae"
"724",4753,"Gastropoda","Gastropoda","Gastropoda","Littorinimorpha","Cypraea carneola"
"725",4764,"Gastropoda","Gastropoda","Gastropoda","Neogastropoda","Oliva sp"
"726",4767,"Gastropoda","Gastropoda","Gastropoda","Littorinimorpha","Natica sp"
"727",4775,"Gastropodes","Gastropoda","Gastropoda",NA,"Gastropoda"
"728",4939,"Gastropods","Gastropoda","Gastropoda",NA,"Acmaea pustulata"
"729",4940,"Gastropods","Gastropoda","Gastropoda","Neogastropoda","Muricopsis hexagonus"
"730",4941,"Gastropods","Gastropoda","Gastropoda","Neogastropoda","Oliva caribaeensis"
"731",4942,"Gastropods","Gastropoda","Gastropoda",NA,"Gastropoda"
"732",4943,"Gastropods","Gastropoda","Gastropoda","Neogastropoda","Hyalina sp"
"733",4945,"Gastropods","Gastropoda","Gastropoda","Neogastropoda","Buccinidae"
"734",4946,"Gastropods","Gastropoda","Gastropoda","Neogastropoda","Nitidella sp"
"735",4948,"Gastropods","Gastropoda","Gastropoda","Littorinimorpha","Natica sp"
"736",4949,"Gastropods","Gastropoda","Gastropoda",NA,"Turritella sp"
"737",4950,"Gastropods","Gastropoda","Gastropoda","Trochida","Tegula lividomaculata"
"738",4952,"Gastropods","Gastropoda","Gastropoda","Neogastropoda","Murex sp"
"739",4953,"Gastropods","Gastropoda","Gastropoda","Littorinimorpha","Balcis intermedia"
"740",4954,"Gastropods","Gastropoda","Gastropoda","Neogastropoda","Murex pomum"
"741",4956,"Gastropods","Gastropoda","Gastropoda",NA,"Cerithium sp"
"742",4957,"Gastropods","Gastropoda","Gastropoda","Littorinimorpha","Strombus gigas"
"743",4958,"Gastropods","Gastropoda","Gastropoda","Lepetellida","Fissurella sp"
"744",4960,"Gastropods","Gastropoda","Gastropoda","Trochida","Tricolia bella"
"745",4961,"Gastropods","Gastropoda","Gastropoda",NA,"Acmaeidae"
"746",4963,"Gastropods","Gastropoda","Gastropoda","Neogastropoda","Turridae"
"747",4965,"Gastropods","Gastropoda","Gastropoda",NA,"Acmaea sp"
"748",4966,"Gastropods","Gastropoda","Gastropoda","Neogastropoda","Columbella mercatoria"
"749",4969,"Gastropods","Gastropoda","Gastropoda",NA,"Modulus modulus"
"750",4970,"Gastropods","Gastropoda","Gastropoda","Neogastropoda","Oliva sp"
"751",4971,"Gastropods","Gastropoda","Gastropoda","Neogastropoda","Hyalina lunata"
"752",4972,"Gastropods","Gastropoda","Gastropoda",NA,"Veliger_larvae"
"753",4973,"Gastropods","Gastropoda","Gastropoda","Ellobiida","Melampus cofleus"
"754",4974,"Gastropods","Gastropoda","Gastropoda","Neogastropoda","Bailya sp"
"755",4978,"Gastropods","Gastropoda","Gastropoda","Trochida","Astraea tuber"
"756",4980,"Gastropods","Gastropoda","Gastropoda","Littorinimorpha","Rissoina fischeri"
"757",4982,"Gastropods","Gastropoda","Gastropoda","Trochida","Tegula sp"
"758",4983,"Gastropods","Gastropoda","Gastropoda","Littorinimorpha","Vermetidae"
"759",4985,"Gastropods","Gastropoda","Gastropoda",NA,"Epitonium sp"
"760",4986,"Gastropods","Gastropoda","Gastropoda","Trochida","Arene sp"
"761",4990,"Gastropods","Gastropoda","Gastropoda","Neogastropoda","Hyalina albolineata"
"762",4992,"Gastropods","Gastropoda","Gastropoda","Littorinimorpha","Strombus gallus"
"763",4993,"Gastropods","Gastropoda","Gastropoda","Trochida","Turbinidae"
"764",4995,"Gastropods","Gastropoda","Gastropoda",NA,"Acmaea antillarum"
"765",4998,"Gastropods","Gastropoda","Gastropoda","Trochida","Astraea longispina"
"766",4999,"Gastropods","Gastropoda","Gastropoda","Littorinimorpha","Strombus sp"
"767",5000,"Gastropods","Gastropoda","Gastropoda","Littorinimorpha","Caecum sp"
"768",5001,"Gastropods","Gastropoda","Gastropoda",NA,"Planaxis lineatus"
"769",5002,"Gastropods","Gastropoda","Gastropoda","Lepetellida","Fissurella barbadensis"
"770",5004,"Gastropods","Gastropoda","Gastropoda","Littorinimorpha","Zebina browniana"
"771",5005,"Gastropods","Gastropoda","Gastropoda","Pleurotomariida","Schismope sp"
"772",5013,"Gastropods","Gastropoda","Gastropoda","Neogastropoda","Vasum muricatum"
"773",5014,"Gastropods","Gastropoda","Gastropoda","Littorinimorpha","Caecum pulchellum"
"774",5015,"Gastropods","Gastropoda","Gastropoda","Littorinimorpha","Natica canrena"
"775",5016,"Gastropods","Gastropoda","Gastropoda","Neogastropoda","Nitidella nitida"
"776",5021,"Gastropods","Gastropoda","Gastropoda","Neogastropoda","Olivella sp"
"777",5025,"Gastropods","Gastropoda","Gastropoda","Lepetellida","Diodora viridula"
"778",5027,"Gastropods","Gastropoda","Gastropoda","Lepetellida","Diodora sp"
"779",5028,"Gastropods","Gastropoda","Gastropoda","Neogastropoda","Nassarius sp"
"780",5029,"Gastropods","Gastropoda","Gastropoda","Trochida","Cittarium pica"
"781",5030,"Gastropods","Gastropoda","Gastropoda","Cephalaspidea","Retusa sp"
"782",5031,"Pelecypods","Bivalvia","Bivalvia","Veneroida","Pitar sp"
"783",5035,"Gastropods","Gastropoda","Gastropoda","Littorinimorpha","Crucibulum auricula"
"784",5036,"Gastropods","Gastropoda","Gastropoda","Littorinimorpha","Caecum nitidum"
"785",5037,"Gastropods","Gastropoda","Gastropoda","Neogastropoda","Mitrella lunata"
"786",5040,"Gastropods","Gastropoda","Gastropoda","Neogastropoda","Anachis sp"
"787",5041,"Gastropods","Gastropoda","Gastropoda",NA,"Litiopa melanostoma"
"788",5043,"Gastropods","Gastropoda","Gastropoda","Littorinimorpha","Rissoina cancellata"
"789",5044,"Gastropods","Gastropoda","Gastropoda",NA,"Alcididae"
"790",5045,"Gastropods","Gastropoda","Gastropoda","Trochida","Turbo castanea"
"791",5047,"Gastropods","Gastropoda","Gastropoda","Trochida","Tricolia tessellata"
"792",5048,"Gastropods","Gastropoda","Gastropoda",NA,"Turbonilla sp"
"793",5049,"Gastropods","Gastropoda","Gastropoda",NA,"Acmaea leucopleura"
"794",5050,"Gastropods","Gastropoda","Gastropoda","Nudibranchia","Nudibranchia"
"795",5052,"Gastropods","Gastropoda","Gastropoda","Lepetellida","Hemitoma octoradiata"
"796",5053,"Gastropods","Gastropoda","Gastropoda","Trochida","Tricolia adamsi"
"797",5054,"Gastropods","Gastropoda","Gastropoda","Trochida","Synaptocochlea picta"
"798",5055,"Gastropods","Gastropoda","Gastropoda","Littorinimorpha","Littorina angulifera"
"799",5056,"Gastropods","Gastropoda","Gastropoda","Cephalaspidea","Atys sp"
"800",5060,"Gastropods","Gastropoda","Gastropoda","Siphonariida","Siphonaria sp"
"801",5067,"Gastropods","Gastropoda","Gastropoda","Trochida","Calliostoma javanicum"
"802",5068,"Gastropods","Gastropoda","Gastropoda","Cycloneritida","Smaragdia picta"
"803",5069,"Gastropods","Gastropoda","Gastropoda",NA,"Seila adamsi"
"804",5070,"Gastropods","Gastropoda","Gastropoda",NA,"Cerithium eburneum"
"805",5071,"Gastropods","Gastropoda","Gastropoda","Neogastropoda","Persicula lavalleeana"
"806",5072,"Gastropods","Gastropoda","Gastropoda","Trochida","Pseudostomatella coccinea"
"807",5078,"Gastropods","Gastropoda","Gastropoda","Neogastropoda","Nassarius albus"
"808",5082,"Gastropods","Gastropoda","Gastropoda","Ostreoida","Crassostrea rhizophorae"
"809",5084,"Gastropods","Gastropoda","Gastropoda","Neogastropoda","Purpura patula"
"810",5086,"Gastropods","Gastropoda","Gastropoda","Littorinimorpha","Littorina meleagris"
"811",5087,"Gastropods","Gastropoda","Gastropoda","Littorinimorpha","Cymatium labiosum"
"812",5091,"Gastropods","Gastropoda","Gastropoda","Lepetellida","Emarginula pumila"
"813",5093,"Gastropods","Gastropoda","Gastropoda","Neogastropoda","Hyalina avena"
"814",5096,"Gastropods","Gastropoda","Gastropoda",NA,"Epitonium turritellulum"
"815",5098,"Gastropods","Gastropoda","Gastropoda",NA,"Bittium varium"
"816",5100,"Gastropods","Gastropoda","Gastropoda",NA,"Echinospira"
"817",5104,"Gastropods","Zooplankton","Gastropoda","Pteropoda","Pteropoda"
"818",5107,"Gastropods","Gastropoda","Gastropoda",NA,"Cerithium litteratum"
"819",5108,"Gastropods","Gastropoda","Gastropoda","Lepetellida","Fissurella nodosa"
"820",5109,"Gastropods","Gastropoda","Gastropoda","Trochida","Arene tricarinata"
"821",5110,"Gastropods","Gastropoda","Gastropoda",NA,"Tridachia crispata"
"822",5115,"Gastropods","Gastropoda","Gastropoda",NA,"Cerithium algicola"
"823",5119,"Gastropods","Gastropoda","Gastropoda","Neogastropoda","Anachis sparsa"
"824",5123,"Gastropods","Gastropoda","Gastropoda","Littorinimorpha","Alvania auberina"
"825",5124,"Gastropods","Gastropoda","Gastropoda","Littorinimorpha","Littorina ziczac"
"826",5125,"Gastropods","Gastropoda","Gastropoda","Trochida","Tegula fasciata"
"827",5127,"Gastropods","Gastropoda","Gastropoda","Neogastropoda","Nitidella ocellata"
"828",5133,"Gastropods","Gastropoda","Gastropoda","Cephalaspidea","Bulla striata"
"829",5137,"Gastropods","Gastropoda","Gastropoda",NA,"Cerithiopsis emersoni"
"830",5140,"Gastropods","Gastropoda","Gastropoda","Neogastropoda","Nitidella laevigata"
"831",5145,"Gastropods","Gastropoda","Gastropoda","Lepetellida","Diodora listeri"
"832",5147,"Gastropods","Gastropoda","Gastropoda","Littorinimorpha","Rissoina sp"
"833",5153,"Gastropods","Gastropoda","Gastropoda","Trochida","Pseudostomatella erythrocoma"
"834",5158,"Gastropods","Gastropoda","Gastropoda","Neogastropoda","Mangelia sp"
"835",5160,"Gastropods","Gastropoda","Gastropoda","Neogastropoda","Fasciolaria tulipa"
"836",5161,"Gastropods","Gastropoda","Gastropoda",NA,"Batillaria sp"
"837",5166,"Gastropods","Gastropoda","Gastropoda","Neogastropoda","Bullata ovuliformis"
"838",5168,"Gastropods","Gastropoda","Gastropoda","Neogastropoda","Drillia sp"
"839",5170,"Gastropods","Gastropoda","Gastropoda","Neogastropoda","Coralliophila caribaea"
"840",5178,"Gastropods","Gastropoda","Gastropoda","Neogastropoda","Olivella petiolita"
"841",5179,"Gastropods","Gastropoda","Gastropoda","Neogastropoda","Crassispira nigrescens"
"842",5180,"Gastropods","Gastropoda","Gastropoda","Cephalaspidea","Atys riiseana"
"843",5185,"Gastropods","Gastropoda","Gastropoda","Cephalaspidea","Haminoea elegans"
"844",5194,"Gastropods","Gastropoda","Gastropoda","Trochida","Calliostoma sp"
"845",5195,"Gastropods","Gastropoda","Gastropoda","Neogastropoda","Columbellidae"
"846",5196,"Gastropods","Gastropoda","Gastropoda","Trochida","Astraea sp"
"847",5197,"Gastropods","Gastropoda","Gastropoda","Trochida","Astraea caelata"
"848",5198,"Gastropods","Gastropoda","Gastropoda","Lepetellida","Diodora variegata"
"849",5201,"Gastropods","Gastropoda","Gastropoda","Neogastropoda","Conus juliae"
"850",5207,"Gastropods","Gastropoda","Gastropoda","Cycloneritida","Nerita peloronta"
"851",5210,"Pelecypods","Bivalvia","Bivalvia","Veneroida","Ervilia nitens"
"852",5215,"Gastropods","Gastropoda","Gastropoda","Cephalaspidea","Bulla sp"
"853",5220,"Gastropods","Gastropoda","Gastropoda",NA,"Acteonidae"
"854",5228,"Gastropods","Gastropoda","Gastropoda","Littorinimorpha","Petaloconchus sp"
"855",5229,"Gastropods","Gastropoda","Gastropoda","Neogastropoda","Mitra sp"
"856",5230,"Gastropods","Gastropoda","Gastropoda","Lepetellida","Fissurella augusta"
"857",5237,"Gastropods","Gastropoda","Gastropoda","Cycloneritida","Smaragdia viridis"
"858",5244,"Gastropods","Gastropoda","Gastropoda","Neogastropoda","Daphnella lymneiformis"
"859",5245,"Gastropods","Gastropoda","Gastropoda","Neogastropoda","Pyrgocythara sp"
"860",5248,"Gastropods","Zooplankton","Gastropoda","Pteropoda","Cavolina sp"
"861",5249,"Gastropods","Gastropoda","Gastropoda","Littorinimorpha","Cyclostremiscus ornatus"
"862",5250,"Bivalvia","Bivalvia","Bivalvia",NA,"Bivalvia"
"863",5255,"Gastropods","Gastropoda","Gastropoda","Neogastropoda","Mitra barbadensis"
"864",5258,"Gastropods","Gastropoda","Gastropoda","Neogastropoda","Olivella nivea"
"865",5260,"Gastropods","Gastropoda","Gastropoda","Littorinimorpha","Sinum perspectivum"
"866",5261,"Gastropods","Gastropoda","Gastropoda","Neogastropoda","Mitrella nitens"
"867",5262,"Gastropods","Gastropoda","Gastropoda","Littorinimorpha","Cymatium sp"
"868",5266,"Gastropods","Gastropoda","Gastropoda","Ellobiida","Melampus coffeus"
"869",5274,"Amphiopods","Amphipoda","Malacostraca","Amphipoda","Elasmopus sp"
"870",5280,"Gastropods","Gastropoda","Gastropoda","Littorinimorpha","Polinices lacteus"
"871",5286,"Gastropods","Gastropoda","Gastropoda","Littorinimorpha","Tonna sp"
"872",5287,"Gastropods","Gastropoda","Gastropoda","Lepetellida","Diodora cayenensis"
"873",5290,"Sipunculids","Sipuncula","Phascolosomatidea","Aspidosiphonida","Aspidosiphon sp"
"874",5292,"Gastropods","Gastropoda","Gastropoda","Littorinimorpha","Trivia sp"
"875",5294,"Gastropods","Gastropoda","Gastropoda","Neogastropoda","Crassispira fuscescens"
"876",5295,"Gastropods","Gastropoda","Gastropoda","Neogastropoda","Marginella sp"
"877",5304,"Gastropods","Zooplankton","Gastropoda","Pteropoda","Cavolina longirostris"
"878",5307,"Gastropods","Gastropoda","Gastropoda","Neogastropoda","Muricidae"
"879",5308,"Gastropods","Gastropoda","Gastropoda","Neogastropoda","Risomurex roseus"
"880",5316,"Gastropods","Gastropoda","Gastropoda","Neogastropoda","Pusia sp"
"881",5318,"Gastropods","Gastropoda","Gastropoda","Littorinimorpha","Naticidae"
"882",5319,"Gastropods","Gastropoda","Gastropoda","Neogastropoda","Oliva reticularis"
"883",5322,"Gastropods","Gastropoda","Gastropoda",NA,"Pyramidella candida"
"884",5326,"Gastropods","Gastropoda","Gastropoda","Trochida","Tegula excavata"
"885",5332,"Gastropods","Gastropoda","Gastropoda","Trochida","Turbo sp"
"886",5334,"Gastropods","Gastropoda","Gastropoda","Littorinimorpha","Hipponix subrufus"
"887",5335,"Gorgonians","Alcyonaria","Anthozoa","Alcyonacea","Alcyonacea"
"888",5336,"Gorgonians","Alcyonaria","Anthozoa","Alcyonacea","Gorgonia flabellum"
"889",5337,"Gorgonians","Alcyonaria","Anthozoa","Alcyonacea","Muricea laxa"
"890",5342,"Gorgonians","Alcyonaria","Anthozoa","Alcyonacea","Plexaura flexcuosa"
"891",5343,"Gorgonians","Alcyonaria","Anthozoa","Alcyonacea","Eunicea calyculata"
"892",5346,"Gorgonians","Alcyonaria","Anthozoa","Alcyonacea","Muricea sp"
"893",5347,"Gorgonians","Alcyonaria","Anthozoa","Alcyonacea","Pterogorgia sp"
"894",5349,"Greenfilaments_unid",NA,NA,NA,NA
"895",5351,"Gurry",NA,"Actinopterygii",NA,"Gurry"
"896",5361,"Hemichordates","Hemichordata",NA,NA,"Hemichordata"
"897",5366,"Hemichordates","Hemichordata","Enteropneusta",NA,"Enteropneusta"
"898",5368,"Hermit_crab","Paguroidea","Malacostraca","Decapoda","Calcinus tibicen"
"899",5369,"Hermit_crab","Paguroidea","Malacostraca","Decapoda","Paguroidea"
"900",5371,"Hermit_crab","Paguroidea","Malacostraca","Decapoda","Paguristes sp"
"901",5373,"Hermit_crab","Paguroidea","Malacostraca","Decapoda","Clibanarius tricolor"
"902",5378,"Hermit_crab","Paguroidea","Malacostraca","Decapoda","Paguristes anomalus"
"903",5380,"Hermit_crab","Paguroidea","Malacostraca","Decapoda","Paguristes grayi"
"904",5381,"Hermit_crab","Paguroidea","Malacostraca","Decapoda","Diogenidae"
"905",5387,"Hermit_crab","Paguroidea","Malacostraca","Decapoda","Calcinus sulcatus"
"906",5390,"Hermit_crab","Paguroidea","Malacostraca","Decapoda","Clibanarius sp"
"907",5392,"Hermit_crab","Paguroidea","Malacostraca","Decapoda","Paguristes wassi"
"908",5393,"Hermit_crab","Paguroidea","Malacostraca","Decapoda","Petrochirus diogenes"
"909",5398,"Hermit_crab","Paguroidea","Malacostraca","Decapoda","Spiropagurus sp"
"910",5403,"Hermit_crab","Paguroidea","Malacostraca","Decapoda","Dardanus venosus"
"911",5405,"Hermit_crab","Paguroidea","Malacostraca","Decapoda","Pagurus miamensis"
"912",5417,"Hermit_crab","Paguroidea","Malacostraca","Decapoda","Pagurus bonairensis"
"913",5422,"Hermit_crab","Paguroidea","Malacostraca","Decapoda","Calcinus sp"
"914",5426,"Hermit_crab","Paguroidea","Malacostraca","Decapoda","Coenobita sp"
"915",5432,"Hermit_crab","Paguroidea","Malacostraca","Decapoda","Paguristes depressus"
"916",5434,"Heteropods","Arachnida","Arachnida","Araneae","Heteropoda"
"917",5438,"Holothurians","Holothuria","Holothuroidea",NA,"Holothuroidea"
"918",5441,"Holothurians","Holothuria","Holothuroidea","Aspidochirotida","Holothuria sp"
"919",5444,"Holothurians","Holothuria","Holothuroidea","Aspidochirotida","Holothuria arenicola"
"920",5446,"Holothurians","Holothuria","Holothuroidea","Dendrochirotida","Thyone pseudofusus"
"921",5452,"Holothurides","Holothuria","Holothuroidea",NA,"Holothuroidea"
"922",5470,"Hydraires","Hydrozoa","Hydrozoa",NA,"Hydrozoa"
"923",5518,"Hydroids","Hydrozoa","Hydrozoa",NA,"Hydrozoa"
"924",5533,"Hydroids_frags","Hydrozoa","Hydrozoa",NA,"Hydrozoa"
"925",5534,"Hydrozoans","Hydrozoa","Hydrozoa",NA,"Hydrozoa"
"926",5540,"Hydrozoans","Hydrozoa","Hydrozoa","Anthoathecata","Pennaria sp"
"927",5545,"Hydrozoans","Hydrozoa","Hydrozoa","Anthoathecata","Millepora alcicornis"
"928",5549,"Hydrozoans","Hydrozoa","Hydrozoa","Leptothecata","Sertularia sp"
"929",5550,"Insecta","Insecta","Insecta",NA,"Insecta"
"930",5563,"Insecta","Insecta","Insecta","Hymenoptera","Hymenoptera"
"931",5569,"Insecta","Insecta","Insecta","Diptera","Diptera"
"932",5584,"Insecta","Insecta","Insecta","Coleoptera","Coleoptera"
"933",5616,"Insecta","Insecta","Insecta",NA,"Insecta"
"934",5617,"Isopods","Isopoda","Malacostraca","Isopoda","Isopoda"
"935",5618,"Isopods","Isopoda","Malacostraca","Isopoda","Paracerceis caudata"
"936",5625,"Isopods","Isopoda","Malacostraca","Isopoda","Flabellifera"
"937",5630,"Isopods","Isopoda","Malacostraca","Isopoda","Stenetrium sp"
"938",5631,"Isopods","Isopoda","Malacostraca","Isopoda","Gnathiidae"
"939",5632,"Isopods","Isopoda","Malacostraca","Isopoda","Sphaeromatidae"
"940",5667,"Isopods","Isopoda","Malacostraca","Isopoda","Cymothoidae"
"941",5711,"Isopods","Isopoda","Malacostraca","Isopoda","Anthuridae"
"942",5749,"Isopods","Isopoda","Malacostraca","Isopoda","Corallanidae"
"943",5775,"Isopods","Isopoda","Malacostraca","Isopoda","Asellote sp"
"944",5776,"Isopods","Isopoda","Malacostraca","Isopoda","Excorallana antillensis"
"945",5794,"Isopods","Isopoda","Malacostraca","Isopoda","Cymodoce sp"
"946",5809,"Isopods","Isopoda","Malacostraca","Isopoda","Excorallana sp"
"947",5829,"Larvaceans","Tunicata","Appendicularia",NA,"Appendicularia"
"948",5842,"Larvae_unid","Animalia",NA,NA,"Animalia"
"949",5843,"Limestone_powder",NA,NA,NA,NA
"950",5852,"Limpets","Gastropoda","Gastropoda",NA,"Patellogastropoda"
"951",5854,"Lobster","Crab","Malacostraca","Decapoda","Phyllosoma_larvae"
"952",5855,"Macroalgae","Algae",NA,NA,"Macroalgae"
"953",5916,"Madréporaires","Scleractinia","Anthozoa","Scleractinia","Scleractinia"
"954",5949,"Material_unid",NA,NA,NA,NA
"955",5950,"Mites","Arachnida","Arachnida",NA,"Acari"
"956",5954,"Mollusca","Mollusca",NA,NA,"Protoconch"
"957",5955,"Mollusk","Mollusca",NA,NA,"Mollusca"
"958",5964,"Mollusques","Mollusca",NA,NA,"Mollusca"
"959",6008,"Mysids","Zooplankton","Malacostraca","Mysida","Mysida"
"960",6039,"Natantia","Decapoda","Malacostraca","Decapoda","Decapoda"
"961",6040,"Natantia","Decapoda","Malacostraca","Decapoda","Natantia"
"962",6043,"Nebaliaceans","Zooplankton","Malacostraca","Leptostraca","Nebalia sp"
"963",6044,"Nematodes","Nematoda",NA,NA,"Nematoda"
"964",6066,"Nemerteans","Nemertea",NA,NA,"Nemertea"
"965",6067,"Nemertinea","Nemertea",NA,NA,"Nemertea"
"966",6068,"Octopods","Cephalopoda","Cephalopoda","Octopoda","Octopoda"
"967",6074,"Octopuses","Cephalopoda","Cephalopoda","Octopoda","Octopoda"
"968",6084,"Octopuses","Cephalopoda","Cephalopoda","Octopoda","Octopus briareus"
"969",6087,"Octopuses","Cephalopoda","Cephalopoda","Octopoda","Octopus vulgaris"
"970",6089,"OM","Detritus",NA,NA,"Detritus_OM"
"971",6107,"Ophiurides","Ophiuroidea","Ophiuroidea",NA,"Ophiuroidea"
"972",6135,"Ophiurids","Ophiuroidea","Ophiuroidea",NA,"Ophiuroidea"
"973",6137,"Ophiurids","Ophiuroidea","Ophiuroidea","Ophiurida","Ophiothrix sp"
"974",6141,"Ophiurids","Ophiuroidea","Ophiuroidea","Ophiurida","Ophionereis sp"
"975",6144,"Ophiurids","Ophiuroidea","Ophiuroidea","Ophiurida","Ophioderma rubicundum"
"976",6145,"Ophiurids","Ophiuroidea","Ophiuroidea","Ophiurida","Ophioderma sp"
"977",6146,"Ophiurids","Ophiuroidea","Ophiuroidea","Ophiurida","Ophioderma brevispinum"
"978",6151,"Ophiurids","Ophiuroidea","Ophiuroidea","Ophiurida","Ophiocoma echinata"
"979",6154,"Ophiurids","Ophiuroidea","Ophiuroidea","Ophiurida","Amphiura fibulata"
"980",6161,"Ophiurids","Ophiuroidea","Ophiuroidea","Ophiurida","Ophioderma squamosissimum"
"981",6166,"Ophiurids","Ophiuroidea","Ophiuroidea","Ophiurida","Ophiocoma riisei"
"982",6169,"Ophiurids","Ophiuroidea","Ophiuroidea","Ophiurida","Amphiuridae"
"983",6173,"Ophiurids","Ophiuroidea","Ophiuroidea","Ophiurida","Ophiocoma sp"
"984",6181,"Ophiurids","Ophiuroidea","Ophiuroidea","Ophiurida","Ophiactis sp"
"985",6184,"Ophiurids","Ophiuroidea","Ophiuroidea","Amphilepidida","Ophiothrix sp"
"986",6188,"Ophiurids","Ophiuroidea","Ophiuroidea","Ophiurida","Amphipholis gracillima"
"987",6204,"Ophiurids","Ophiuroidea","Ophiuroidea","Ophiurida","Ophiothrix lineata"
"988",6224,"Ophiurids_frags","Ophiuroidea","Ophiuroidea",NA,"Ophiuroidea"
"989",6225,"Opisthobranchia","Gastropoda","Gastropoda",NA,"Opisthobranchia"
"990",6234,"Opistobranches","Gastropoda","Gastropoda",NA,"Opisthobranchia"
"991",6298,"Org_frags","Detritus",NA,NA,"Organic"
"992",6300,"Org_slurry","Detritus",NA,NA,"Detritus_OM"
"993",6303,"Orgmaterial_unid","Detritus",NA,NA,"Organic"
"994",6304,"Ostracoda","Ostracoda","Ostracoda",NA,"Ostracoda"
"995",6305,"Ostracodes","Ostracoda","Ostracoda",NA,"Ostracoda"
"996",6409,"Ostracods","Ostracoda","Ostracoda",NA,"Ostracoda"
"997",6421,"Ostracods","Ostracoda","Ostracoda",NA,"Cypridinine"
"998",6422,"Ostracods","Ostracoda","Ostracoda","Podocopida","Bairdoppilata carinata"
"999",6445,"Pagures","Paguroidea","Malacostraca","Decapoda","Paguroidea"
"1000",6523,"Pagurid_crab","Paguroidea","Malacostraca","Decapoda","Paguroidea"
"1001",6531,"Pebbles","Inorganic",NA,NA,"Inorganic"
"1002",6532,"Pelecypoda","Bivalvia","Bivalvia",NA,"Bivalvia"
"1003",6533,"Pelecypodes","Bivalvia","Bivalvia","Pterioida","Pincada martensi"
"1004",6534,"Pelecypodes","Bivalvia","Bivalvia",NA,"Bivalvia"
"1005",6539,"Pelecypodes","Bivalvia","Bivalvia","Pterioida","Isognomon costellatum"
"1006",6542,"Pelecypodes","Bivalvia","Bivalvia","Lucinoida","Codakia punctata"
"1007",6544,"Pelecypodes","Bivalvia","Bivalvia",NA,"Valsella auriculata"
"1008",6547,"Pelecypodes","Bivalvia","Bivalvia","Arcoida","Arca sp"
"1009",6550,"Pelecypodes","Bivalvia","Bivalvia","Veneroida","Semelangulus sp"
"1010",6554,"Pelecypodes","Bivalvia","Bivalvia","Mytiloida","Lithophaga sp"
"1011",6583,"Pelecypodes","Bivalvia","Bivalvia","Veneroida","Chama sp"
"1012",6596,"Pelecypodes","Bivalvia","Bivalvia","Ostreoida","Ostreidae"
"1013",6624,"Pelecypodes","Mollusca","Bivalvia",NA,"Protoconch"
"1014",6633,"Pelecypodes","Bivalvia","Bivalvia","Pectinoida","Pectinidae"
"1015",6640,"Pelecypods","Bivalvia","Bivalvia","Veneroida","Tellina sp"
"1016",6641,"Pelecypods","Bivalvia","Bivalvia",NA,"Bivalvia"
"1017",6645,"Pelecypods","Bivalvia","Bivalvia","Pectinoida","Pecten sp"
"1018",6646,"Pelecypods","Bivalvia","Bivalvia","Veneroida","Laevicardium sp"
"1019",6647,"Pelecypods","Bivalvia","Bivalvia","Veneroida","Chione sp"
"1020",6648,"Pelecypods","Bivalvia","Bivalvia","Veneroida","Chama sp"
"1021",6650,"Pelecypods","Bivalvia","Bivalvia","Veneroida","Pitar sp"
"1022",6652,"Pelecypods","Bivalvia","Bivalvia","Veneroida","Cumingia antillarum"
"1023",6653,"Pelecypods","Bivalvia","Bivalvia","Veneroida","Asaphis deflorata"
"1024",6656,"Pelecypods","Bivalvia","Bivalvia","Mytiloida","Musculus lateralis"
"1025",6657,"Pelecypods","Bivalvia","Bivalvia","Pterioida","Pinctada sp"
"1026",6658,"Pelecypods","Bivalvia","Bivalvia","Veneroida","Americardia guppyi"
"1027",6659,"Pelecypods","Bivalvia","Bivalvia","Pterioida","Pteria colymbus"
"1028",6660,"Pelecypods","Bivalvia","Bivalvia","Pterioida","Isognomon radiatus"
"1029",6662,"Pelecypods","Bivalvia","Bivalvia","Veneroida","Chione cancellata"
"1030",6663,"Pelecypods","Bivalvia","Bivalvia","Ostreoida","Ostrea sp"
"1031",6665,"Pelecypods","Bivalvia","Bivalvia","Nuculanoida","Yoldia perprotracta"
"1032",6666,"Pelecypods","Bivalvia","Bivalvia","Solemyoida","Solemya occidentalis"
"1033",6667,"Pelecypods","Bivalvia","Bivalvia","Veneroida","Americardia media"
"1034",6668,"Pelecypods","Bivalvia","Bivalvia","Arcoida","Arcopsis adamsi"
"1035",6669,"Pelecypods","Bivalvia","Bivalvia","Veneroida","Tellina caribaea"
"1036",6671,"Pelecypods","Bivalvia","Bivalvia","Veneroida","Papyridea semisulcata"
"1037",6673,"Pelecypods","Bivalvia","Bivalvia","Myoida","Corbula contracta"
"1038",6674,"Pelecypods","Bivalvia","Bivalvia","Arcoida","Arcidae"
"1039",6680,"Pelecypods","Bivalvia","Bivalvia","Pectinoida","Aequipecten lineolaris"
"1040",6682,"Pelecypods","Bivalvia","Bivalvia","Lucinoida","Divaricella quadrisulcata"
"1041",6684,"Pelecypods","Bivalvia","Bivalvia","Veneroida","Papyridea sp"
"1042",6686,"Pelecypods","Bivalvia","Bivalvia","Lucinoida","Codakia pectinella"
"1043",6687,"Pelecypods","Bivalvia","Bivalvia","Arcoida","Glycymeris sp"
"1044",6688,"Pelecypods","Bivalvia","Bivalvia","Pterioida","Pinctada radiata"
"1045",6689,"Pelecypods","Bivalvia","Bivalvia","Veneroida","Trachycardium sp"
"1046",6696,"Pelecypods","Bivalvia","Bivalvia","Veneroida","Trachycardium magnum"
"1047",6699,"Pelecypods","Bivalvia","Bivalvia","Solemyida","Solemya occidentalis"
"1048",6702,"Pelecypods","Bivalvia","Bivalvia","Arcoida","Arca imbricata"
"1049",6703,"Pelecypods","Bivalvia","Bivalvia","Veneroida","Macoma cerina"
"1050",6705,"Pelecypods","Bivalvia","Bivalvia","Arcoida","Barbatia excustus"
"1051",6707,"Pelecypods","Bivalvia","Bivalvia","Decapoda","Papyridea soleniformis"
"1052",6711,"Pelecypods","Bivalvia","Bivalvia","Mytiloida","Lithophaga bisulcata"
"1053",6712,"Pelecypods","Bivalvia","Bivalvia","Veneroida","Antigona listeri"
"1054",6715,"Pelecypods","Bivalvia","Bivalvia","Arcoida","Glycymeris pectinata"
"1055",6716,"Pelecypods","Bivalvia","Bivalvia","Veneroida","Pitar fulminata"
"1056",6719,"Pelecypods","Bivalvia","Bivalvia","Pterioida","Atrina seminuda"
"1057",6721,"Pelecypods","Bivalvia","Bivalvia","Veneroida","Crassinella sp"
"1058",6722,"Pelecypods","Bivalvia","Bivalvia","Arcoida","Glycymeris decussata"
"1059",6723,"Pelecypods","Bivalvia","Bivalvia","Pterioida","Isognomon sp"
"1060",6725,"Pelecypods","Bivalvia","Bivalvia","Pectinoida","Pecten ziczac"
"1061",6728,"Pelecypods","Bivalvia","Bivalvia","Arcoida","Arca zebra"
"1062",6730,"Pelecypods","Bivalvia","Bivalvia","Pterioida","Pinnidae"
"1063",6732,"Pelecypods","Bivalvia","Bivalvia","Veneroida","Chama sarda"
"1064",6733,"Pelecypods","Bivalvia","Bivalvia","Veneroida","Ervilia nitens"
"1065",6737,"Pelecypods","Bivalvia","Bivalvia","Veneroida","Chione paphia"
"1066",6741,"Pelecypods","Bivalvia","Bivalvia","Arcoida","Barbatia cancellaria"
"1067",6743,"Pelecypods","Bivalvia","Bivalvia","Mytiloida","Brachidontes sp"
"1068",6747,"Pelecypods","Bivalvia","Bivalvia","Lucinoida","Codakia costata"
"1069",6748,"Pelecypods","Bivalvia","Bivalvia","Pterioida","Atrina rigida"
"1070",6752,"Pelecypods","Bivalvia","Bivalvia","Pectinoida","Lyropecten antillarum"
"1071",6753,"Pelecypods","Bivalvia","Bivalvia","Veneroida","Pseudochama sp"
"1072",6754,"Pelecypods","Bivalvia","Bivalvia","Arcoida","Barbatia domingensis"
"1073",6756,"Pelecypods","Bivalvia","Bivalvia","Mytiloida","Brachidontes citrinus"
"1074",6757,"Pelecypods","Bivalvia","Bivalvia","Ellobiida","Macoma cerina"
"1075",6762,"Pelecypods","Bivalvia","Bivalvia","Arcoida","Arca umbonata"
"1076",6764,"Pelecypods","Bivalvia","Bivalvia","Mytiloida","Crenella divaricata"
"1077",6766,"Pelecypods","Bivalvia","Bivalvia","Mytiloida","Brachidontes exustus"
"1078",6767,"Pelecypods","Bivalvia","Bivalvia","Pectinoida","Aequipecten gibbus"
"1079",6768,"Pelecypods","Bivalvia","Bivalvia","Pectinoida","Spondylus sp"
"1080",6772,"Pelecypods","Bivalvia","Bivalvia","Siphonostomatoida","Chlamys sp"
"1081",6778,"Pelecypods","Bivalvia","Bivalvia","Mytiloida","Volsella sp"
"1082",6781,"Pelecypods","Bivalvia","Bivalvia","Veneroida","Microcardium sp"
"1083",6783,"Pelecypods","Bivalvia","Bivalvia","Veneroida","Gouldia cerina"
"1084",6785,"Pelecypods","Bivalvia","Bivalvia","Ostreoida","Ostreidae"
"1085",6786,"Pelecypods","Bivalvia","Bivalvia","Veneroida","Tellina listeri"
"1086",6788,"Pelecypods","Bivalvia","Bivalvia","Pterioida","Isognomon alatus"
"1087",6793,"Pelecypods","Bivalvia","Bivalvia","Lucinoida","Codakia orbicularis"
"1088",6794,"Pelecypods","Bivalvia","Bivalvia","Nuculanoida","Nuculana sp"
"1089",6797,"Pelecypods","Bivalvia","Bivalvia","Veneroida","Trachycardium muricatum"
"1090",6802,"Pelecypods","Bivalvia","Bivalvia","Limoida","Lima pellucida"
"1091",6807,"Pelecypods","Bivalvia","Bivalvia","Pterioida","Pinna carnea"
"1092",6809,"Pelecypods","Bivalvia","Bivalvia",NA,"Arcot sp"
"1093",6810,"Phanerogames","Spermatophyta",NA,NA,"Spermatophyta"
"1094",6834,"Phanerogames débris","Spermatophyta",NA,NA,"Spermatophyta"
"1095",6838,"Plants","Seagrass","Magnoliopsida","Alismatales","Thalassia testudinum"
"1096",6839,"Plants","Cyanobacteria","Cyanophyceae","Oscillatoriales","Lyngbya majuscula"
"1097",6840,"Plants","Algae","Xanthophyceae","Vaucheriales","Vaucheria sp"
"1098",6841,"Plants","Diatoms",NA,NA,"Diatoms"
"1099",6842,"Plants","Plantae",NA,NA,"Plantae"
"1100",6843,"Plants","Seagrass","Magnoliopsida","Alismatales","Thalassia sp"
"1101",6844,"Plants","Algae","Ulvophyceae","Ulvales","Enteromorpha sp"
"1102",6845,"Plants","Algae","Ulvophyceae","Cladophorales","Rhizoclonium riparium"
"1103",6847,"Plants","Seagrass","Magnoliopsida","Alismatales","Cymodocea sp"
"1104",6848,"Pogonophores","Polychaeta","Polychaeta","Sabellida","Siboglinidae"
"1105",6862,"Polychaeta","Polychaeta","Polychaeta",NA,"Polychaeta"
"1106",6876,"Polychaeta","Polychaeta","Polychaeta","Sabellida","Serpulidae"
"1107",6899,"Polychaeta","Polychaeta","Polychaeta","Sabellida","Sabellidae"
"1108",6902,"Polychaeta","Polychaeta","Polychaeta","Eunicida","Arabellidae"
"1109",6903,"Polychaeta","Polychaeta","Polychaeta",NA,"Polychaeta"
"1110",6959,"Polychaeta","Polychaeta","Polychaeta",NA,"Polychaeta"
"1111",6961,"Polychaeta","Polychaeta","Polychaeta","Eunicida","Eunice sp"
"1112",6963,"Polychaeta","Polychaeta","Polychaeta","Capitellida","Capitellidae"
"1113",7087,"Polychaeta","Polychaeta","Polychaeta","Eunicida","Eunicidae"
"1114",7097,"Polychaeta","Polychaeta","Polychaeta",NA,"Polynoidae"
"1115",7115,"Polychaetes","Polychaeta","Polychaeta",NA,"Polychaeta"
"1116",7122,"Polychaetes","Polychaeta","Polychaeta","Sabellida","Sabellastarte magnifica"
"1117",7124,"Polychaetes","Polychaeta","Polychaeta","Flabelligerida","Semiodera sp"
"1118",7127,"Polychaetes","Polychaeta","Polychaeta","Eunicida","Chloeia sp"
"1119",7130,"Polychaetes","Polychaeta","Polychaeta","Eunicida","Onuphidae"
"1120",7133,"Polychaetes","Polychaeta","Polychaeta","Terebellida","Terebellidae"
"1121",7134,"Polychaetes","Polychaeta","Polychaeta","Terebellida","Flabelligeridae"
"1122",7140,"Polychaetes","Polychaeta","Polychaeta","Sabellida","Sabellidae"
"1123",7145,"Polychaetes","Polychaeta","Polychaeta",NA,"Cariboa sp"
"1124",7155,"Polychaetes","Polychaeta","Polychaeta",NA,"Opheliidae"
"1125",7170,"Polychaetes","Polychaeta","Polychaeta","Phyllodocida","Glyceridae"
"1126",7180,"Polychaetes","Polychaeta","Polychaeta","Sabellida","Serpulidae"
"1127",7186,"Polychaetes","Polychaeta","Polychaeta",NA,"Maldanidae"
"1128",7192,"Polychaetes","Polychaeta","Polychaeta","Phyllodocida","Syllidae"
"1129",7202,"Polychaetes","Polychaeta","Polychaeta","Eunicida","Lumbrineridae"
"1130",7212,"Polychaetes","Polychaeta","Polychaeta","Terebellida","Pectinariidae"
"1131",7214,"Polychaetes","Polychaeta","Polychaeta",NA,"Chaetopteridae"
"1132",7227,"Polychaetes","Polychaeta","Polychaeta","Phyllodocida","Nereidae"
"1133",7229,"Polychaetes","Polychaeta","Polychaeta","Eunicida","Eunicidae"
"1134",7234,"Polychaetes","Polychaeta","Polychaeta",NA,"Polynoidae"
"1135",7239,"Polychaetes","Polychaeta","Polychaeta","Terebellida","Ampharetidae"
"1136",7249,"Polyplacophores","Polyplacophora","Polyplacophora",NA,"Polyplacophora"
"1137",7250,"Polyplacophores","Polyplacophora","Polyplacophora","Chitonida","Ischnochiton papillosus"
"1138",7259,"Polyplacophores","Polyplacophora","Polyplacophora","Chitonida","Acanthochitona pygmaea"
"1139",7266,"Polyplacophores","Polyplacophora","Polyplacophora","Chitonida","Choneplax lata"
"1140",7269,"Polyplacophores","Polyplacophora","Polyplacophora","Chitonida","Calloplax janeirensis"
"1141",7273,"Polyplacophores","Polyplacophora","Polyplacophora","Chitonida","Ischnochiton sp"
"1142",7291,"Porifera","Porifera",NA,NA,"Porifera"
"1143",7293,"Priapuloids","Priapulida","Priapulida",NA,"Priapulida"
"1144",7294,"Prosobranch gastropods","Gastropoda","Gastropoda",NA,"Prosobranchia"
"1145",7311,"Prosobranch gastropods","Gastropoda","Gastropoda",NA,"Prosobranchia"
"1146",7321,"Protochordates","Hemichordata",NA,NA,"Protochordata"
"1147",7325,"Pteropods","Zooplankton","Gastropoda","Pteropoda","Pteropoda"
"1148",7326,"Pteropods","Zooplankton","Gastropoda","Pteropoda","Cavolina longirostris"
"1149",7327,"Pteropods","Zooplankton","Gastropoda","Pteropoda","Cavolina sp"
"1150",7328,"Pteropods","Zooplankton","Gastropoda","Pteropoda","Cavoliniidae"
"1151",7330,"Pteropods","Zooplankton","Gastropoda","Pteropoda","Creseis sp"
"1152",7337,"Pycnogonides","Pycnogonida","Pycnogonida",NA,"Pycnogonida"
"1153",7373,"Pycnogonids","Pycnogonida","Pycnogonida",NA,"Pycnogonida"
"1154",7376,"Salps","Tunicata","Thaliacea","Salpida","Salpidae"
"1155",7379,"Sand","Inorganic",NA,NA,"Inorganic"
"1156",7439,"Sand_algae","Algae",NA,NA,"Algae"
"1157",7440,"Sand_Debris","Detritus",NA,NA,"Detritus_OM"
"1158",7442,"Sand_Foraminifera","Foraminifera",NA,NA,"Foraminifera"
"1159",7445,"Sand_Foraminifera_Debris","Detritus",NA,NA,"Organic"
"1160",7447,"Sand_OM","Detritus",NA,NA,"Detritus_OM"
"1161",7451,"Sand_Pebbles","Inorganic",NA,NA,"Inorganic"
"1162",7452,"Scaphopodes","Scaphopoda","Scaphopoda",NA,"Scaphopoda"
"1163",7456,"Scaphopods","Scaphopoda","Scaphopoda",NA,"Scaphopoda"
"1164",7457,"Scaphopods","Scaphopoda","Scaphopoda","Gadilida","Cadulus sp"
"1165",7459,"Scaphopods","Scaphopoda","Scaphopoda","Dentaliida","Dentalium sp"
"1166",7468,"Scaphopods","Scaphopoda","Scaphopoda","Dentaliida","Dentalium semistriolatum"
"1167",7472,"Scyllarid lobster","Scyllaridae","Malacostraca","Decapoda","Scyllarides aequinoctialis"
"1168",7473,"Scyllarid_lobster","Scyllaridae","Malacostraca","Decapoda","Scyllaridae"
"1169",7480,"Scyllarid_lobster","Scyllaridae","Malacostraca","Decapoda","Scyllarides aequinoctialis"
"1170",7481,"Scyllarus","Scyllaridae","Malacostraca","Decapoda","Scyllarus sp"
"1171",7483,"Scyphozoans","Scyphozoa","Scyphozoa",NA,"Scyphozoa"
"1172",7485,"Sea turtles","Sea turtles","Reptilia","Testudines","Caretta caretta"
"1173",7486,"Sea turtles","Sea turtles","Reptilia","Testudines","Eretmochelys imbricata"
"1174",7487,"Seagrass","Seagrass",NA,NA,"Seagrass"
"1175",7488,"Seagrass","Seagrass","Magnoliopsida","Alismatales","Cymodocea manatorum"
"1176",7489,"Seagrass","Seagrass","Magnoliopsida","Alismatales","Thalassia testudinum"
"1177",7504,"Seagrass","Seagrass","Magnoliopsida","Alismatales","Ruppia maritima"
"1178",7510,"Porifera","Porifera",NA,NA,"Porifera"
"1179",7523,"Shrimp","Shrimp","Malacostraca","Decapoda","Palaemonidae"
"1180",7524,"Shrimp","Shrimp","Malacostraca","Decapoda","Shrimp"
"1181",7531,"Shrimp","Shrimp","Malacostraca","Decapoda","Hippolytidae"
"1182",7532,"Shrimp","Shrimp","Malacostraca","Decapoda","Alpheidae"
"1183",7534,"Shrimp","Shrimp","Malacostraca","Decapoda","Penaeidae"
"1184",7540,"Shrimp","Shrimp","Malacostraca","Decapoda","Periclimenes sp"
"1185",7542,"Shrimp","Shrimp","Malacostraca","Decapoda","Tozeuma sp"
"1186",7551,"Shrimp","Shrimp","Malacostraca","Decapoda","Caridea"
"1187",7562,"Shrimp","Shrimp","Malacostraca","Decapoda","Callianassa sp"
"1188",7566,"Shrimp","Shrimp","Malacostraca","Decapoda","Synalpheus sp"
"1189",7574,"Shrimp","Shrimp","Malacostraca","Decapoda","Axiidae"
"1190",7607,"Shrimp","Shrimp","Malacostraca","Decapoda","Gnathophyllidae"
"1191",7625,"Shrimp","Shrimp","Malacostraca","Decapoda","Penaeopsis goodei"
"1192",7629,"Shrimp","Shrimp","Malacostraca","Decapoda","Lucifer sp"
"1193",7636,"Shrimp","Shrimp","Malacostraca","Decapoda","Alpheus sp"
"1194",7637,"Shrimp","Shrimp","Malacostraca","Decapoda","Shrimp"
"1195",7655,"Shrimp","Shrimp","Malacostraca","Decapoda","Saron marmoratus"
"1196",7688,"Shrimp","Shrimp","Malacostraca","Decapoda","Gnathophylloides mineri"
"1197",7716,"Shrimp","Shrimp","Malacostraca","Decapoda","Stenopus hispidus"
"1198",7747,"Shrimp","Shrimp","Malacostraca","Decapoda","Leander sp"
"1199",7767,"Shrimp","Shrimp","Malacostraca","Decapoda","Solenocera sp"
"1200",7785,"Shrimp","Shrimp","Malacostraca","Decapoda","Lucifer faxani"
"1201",7807,"Shrimp","Shrimp","Malacostraca","Decapoda","Processa sp"
"1202",7847,"Shrimp","Shrimp","Malacostraca","Decapoda","Penaeopsis sp"
"1203",7878,"Shrimp","Shrimp","Malacostraca","Decapoda","Alpheus ventrosus"
"1204",7884,"Shrimp","Shrimp","Malacostraca","Decapoda","Lysmata moorei"
"1205",7885,"Shrimp","Shrimp","Malacostraca","Decapoda","Trachycaris restrictus"
"1206",7934,"Shrimp","Shrimp","Malacostraca","Decapoda","Stenopodidea"
"1207",7938,"Shrimp","Shrimp","Malacostraca","Decapoda","Brachycarpus biunguiculatus"
"1208",8006,"Shrimp","Shrimp","Malacostraca","Decapoda","Trachypenaeus sp"
"1209",8038,"Shrimp","Shrimp","Malacostraca","Decapoda","Sicyonia laevigata"
"1210",8103,"Siphonophores","Hydrozoa","Hydrozoa","Siphonophorae","Siphonophorae"
"1211",8119,"Sipunculid_introverts","Sipuncula",NA,NA,"Sipuncula"
"1212",8142,"Sipunculidae_frags","Sipuncula",NA,NA,"Sipuncula"
"1213",8143,"Sipunculides","Sipuncula",NA,NA,"Sipuncula"
"1214",8215,"Sipunculids","Sipuncula","Phascolosomatidea","Aspidosiphonida","Aspidosiphon sp"
"1215",8217,"Sipunculids","Sipuncula","Sipunculidea","Golfingiida","Siphonosoma cumanense"
"1216",8218,"Sipunculids","Sipuncula",NA,NA,"Sipuncula"
"1217",8220,"Sipunculids","Sipuncula","Phascolosomatidea","Aspidosiphonida","Aspidosiphon cumingi"
"1218",8234,"Sipunculids","Sipuncula","Phascolosomatidea","Aspidosiphonida","Aspidosiphon spinososcutatus"
"1219",8235,"Sipunculids","Sipuncula","Phascolosomatidea","Aspidosiphonida","Aspidosiphon speciosus"
"1220",8238,"Sp_unid","Animalia",NA,NA,"Animalia"
"1221",8248,"Spermatophytes (inc seagrass","Seagrass","Magnoliopsida","Alismatales","Halophila baillonis"
"1222",8250,"Spermatophytes (inc seagrass","Spermatophyta",NA,NA,"Spermatophyta"
"1223",8253,"Spermatophytes (inc seagrass","Seagrass","Magnoliopsida","Alismatales","Thalassia testudinum"
"1224",8255,"Spermatophytes (inc seagrass","Seagrass","Magnoliopsida","Alismatales","Cymodocea manatorum"
"1225",8270,"Spiny_lobster","Palinuridae","Malacostraca","Decapoda","Panulirus argus"
"1226",8271,"Spiny_lobster","Palinuridae","Malacostraca","Decapoda","Palinuridae"
"1227",8274,"Spiny_lobster","Palinuridae","Malacostraca","Decapoda","Panulirus guttatus"
"1228",8279,"Sponge","Porifera","Calcarea",NA,"Calcarea"
"1229",8280,"Sponges","Porifera",NA,NA,"Porifera"
"1230",8288,"Sponges","Porifera","Demospongiae","Poecilosclerida","Mycale sp"
"1231",8315,"Squids","Cephalopoda","Cephalopoda","Teuthida","Teuthida"
"1232",8317,"Squids","Cephalopoda","Cephalopoda","Teuthida","Sepiatheuthis sepioidae"
"1233",8319,"Squids","Cephalopoda","Cephalopoda","Teuthida","Dorytheuthis plei"
"1234",8323,"Squids","Cephalopoda","Cephalopoda","Teuthida","Dorytheuthis sp"
"1235",8325,"Stomatopoda","Stomatopoda","Malacostraca","Stomatopoda","Stomatopoda"
"1236",8388,"Stomatopoda_larvae","Stomatopoda","Malacostraca","Stomatopoda","Stomatopoda"
"1237",8396,"Stomatopods","Stomatopoda","Malacostraca","Stomatopoda","Stomatopoda"
"1238",8397,"Stomatopods","Stomatopoda","Malacostraca","Stomatopoda","Odontodactylus sp"
"1239",8401,"Stomatopods","Stomatopoda","Malacostraca","Stomatopoda","Pseudosquilla ciliata"
"1240",8403,"Stomatopods","Stomatopoda","Malacostraca","Stomatopoda","Gonodactylus curacaoensis"
"1241",8419,"Stomatopods","Stomatopoda","Malacostraca","Stomatopoda","Gonodactylus oerstedii"
"1242",8420,"Stomatopods","Stomatopoda","Malacostraca","Stomatopoda","Squilla hyalina"
"1243",8423,"Stomatopods","Stomatopoda","Malacostraca","Stomatopoda","Gonodactylus sp"
"1244",8424,"Stomatopods","Stomatopoda","Malacostraca","Stomatopoda","Lysiosquilla glabriuscula"
"1245",8438,"Stomatopods","Stomatopoda","Malacostraca","Stomatopoda","Squillus sp"
"1246",8459,"Stomatopods","Stomatopoda","Malacostraca","Stomatopoda","Nannosquilla sp"
"1247",8466,"Stomatopods","Stomatopoda","Malacostraca","Stomatopoda","Squilla tricarinata"
"1248",8470,"Stomatopods","Stomatopoda","Malacostraca","Stomatopoda","Squilla sp"
"1249",8483,"Tanaidacés","Tanaidacea","Malacostraca","Tanaidacea","Tanaidacea"
"1250",8488,"Copepoda","Copepoda","Malacostraca","Tanaidacea","Calanoida"
"1251",8542,"Tanaids","Tanaidacea","Malacostraca","Tanaidacea","Tanaidacea"
"1252",8562,"Tanaids","Tanaidacea","Malacostraca","Tanaidacea","Apseudidae"
"1253",8578,"Tunicates","Tunicata","Ascidiacea","Enterogona","Ascidia nigra"
"1254",8579,"Tunicates","Tunicata",NA,NA,"Tunicata"
"1255",8584,"Tunicates","Tunicata","Ascidiacea","Enterogona","Didemnidae"
"1256",8585,"Tunicates","Tunicata","Appendicularia","Copelata","Oikopleura sp"
"1257",8586,"Tunicates","Tunicata","Thaliacea","Salpida","Salpidae"
"1258",8588,"Tunicates","Tunicata","Ascidiacea","Enterogona","Ecteinascidia turbinata"
"1259",8589,"Tunicates","Tunicata","Appendicularia",NA,"Appendicularia"
"1260",8590,"Tunicates","Tunicata","Ascidiacea","Stolidobranchia","Boltenia sp"
"1261",8592,"Tunicates","Tunicata","Ascidiacea","Enterogona","Trididemnum savignii"
"1262",8594,"Tunicates","Tunicata","Ascidiacea","Stolidobranchia","Polycarpa insulsa"
"1263",8602,"Tunicates","Tunicata","Ascidiacea",NA,"Ascidiacea"
"1264",8621,"Tunicates","Tunicata","Ascidiacea","Enterogona","Trididemnum sp"
"1265",8634,"Tunicates","Tunicata","Ascidiacea","Stolidobranchia","Microcosmus exasperatus"
"1266",8639,"Vertebrate_muscle_tissue","Animalia",NA,NA,"Animalia"
"1267",8640,"Wood_splinters",NA,NA,NA,NA
"1268",8641,"Worms_unid","Animalia",NA,NA,"Animalia"
"1269",8645,"Zoanthaires","Zoantharia","Anthozoa","Zoantharia","Zoantharia"
"1270",8648,"Gastropoda","Gastropoda","Gastropoda",NA,"Gastropoda"
"1271",8649,"Pelecypods","Bivalvia","Bivalvia",NA,"Bivalvia"
"1272",8651,"Algae","Algae",NA,NA,"Algae"
"1273",8655,"Zoantharians","Zoantharia","Anthozoa","Zoantharia","Zoantharia"
"1274",8656,"Zoantharians","Zoantharia","Anthozoa","Zoantharia","Zoanthus sp"
"1275",8660,"Zoantharians","Zoantharia","Anthozoa","Zoantharia","Zoanthus sociatus"
"1276",8667,"Zoantharians","Zoantharia","Anthozoa","Zoantharia","Zoanthus pulchellus"
"1277",8670,"Zoantharians","Zoantharia","Anthozoa","Corallimorpharia","Rhodactis sanctithomae"
"1278",8673,"Zoantharians","Zoantharia","Anthozoa","Zoantharia","Palythoa sp"
"1279",8678,NA,"Crab","Malacostraca","Decapoda","Galatheidae"
"1280",8685,NA,NA,NA,NA,NA
